-- phpMyAdmin SQL Dump
-- version 4.0.10deb1
-- http://www.phpmyadmin.net
--
-- Host: localhost:3306
-- Generation Time: Apr 09, 2018 at 06:00 PM
-- Server version: 5.6.33-0ubuntu0.14.04.1
-- PHP Version: 7.1.15-1+ubuntu14.04.1+deb.sury.org+2

SET SQL_MODE = "NO_AUTO_VALUE_ON_ZERO";
SET time_zone = "+00:00";


/*!40101 SET @OLD_CHARACTER_SET_CLIENT=@@CHARACTER_SET_CLIENT */;
/*!40101 SET @OLD_CHARACTER_SET_RESULTS=@@CHARACTER_SET_RESULTS */;
/*!40101 SET @OLD_COLLATION_CONNECTION=@@COLLATION_CONNECTION */;
/*!40101 SET NAMES utf8 */;

--
-- Database: `laravel_eapi`
--

-- --------------------------------------------------------

--
-- Table structure for table `migrations`
--

CREATE TABLE IF NOT EXISTS `migrations` (
  `id` int(10) unsigned NOT NULL AUTO_INCREMENT,
  `migration` varchar(191) COLLATE utf8mb4_unicode_ci NOT NULL,
  `batch` int(11) NOT NULL,
  PRIMARY KEY (`id`)
) ENGINE=InnoDB  DEFAULT CHARSET=utf8mb4 COLLATE=utf8mb4_unicode_ci AUTO_INCREMENT=5 ;

--
-- Dumping data for table `migrations`
--

INSERT INTO `migrations` (`id`, `migration`, `batch`) VALUES
(1, '2014_10_12_000000_create_users_table', 1),
(2, '2014_10_12_100000_create_password_resets_table', 1),
(3, '2018_04_09_094334_create_products_table', 1),
(4, '2018_04_09_094411_create_reviews_table', 1);

-- --------------------------------------------------------

--
-- Table structure for table `password_resets`
--

CREATE TABLE IF NOT EXISTS `password_resets` (
  `email` varchar(191) COLLATE utf8mb4_unicode_ci NOT NULL,
  `token` varchar(191) COLLATE utf8mb4_unicode_ci NOT NULL,
  `created_at` timestamp NULL DEFAULT NULL,
  KEY `password_resets_email_index` (`email`)
) ENGINE=InnoDB DEFAULT CHARSET=utf8mb4 COLLATE=utf8mb4_unicode_ci;

-- --------------------------------------------------------

--
-- Table structure for table `products`
--

CREATE TABLE IF NOT EXISTS `products` (
  `id` int(10) unsigned NOT NULL AUTO_INCREMENT,
  `name` varchar(191) COLLATE utf8mb4_unicode_ci NOT NULL,
  `detail` text COLLATE utf8mb4_unicode_ci NOT NULL,
  `price` int(11) NOT NULL,
  `stock` int(11) NOT NULL,
  `discount` int(11) NOT NULL,
  `created_at` timestamp NULL DEFAULT NULL,
  `updated_at` timestamp NULL DEFAULT NULL,
  PRIMARY KEY (`id`)
) ENGINE=InnoDB  DEFAULT CHARSET=utf8mb4 COLLATE=utf8mb4_unicode_ci AUTO_INCREMENT=51 ;

--
-- Dumping data for table `products`
--

INSERT INTO `products` (`id`, `name`, `detail`, `price`, `stock`, `discount`, `created_at`, `updated_at`) VALUES
(1, 'iusto', 'Non enim cumque quia voluptas exercitationem sunt inventore. Aut fuga accusamus aut. Recusandae facere voluptas dolores consequatur ex deserunt autem. Et corrupti asperiores aperiam quae.', 813, 4, 29, '2018-04-09 06:59:18', '2018-04-09 06:59:18'),
(2, 'provident', 'Enim pariatur et odio dolor esse. Unde fugit in nulla quasi sint sit. Ipsum facilis commodi ut inventore alias et tempore veniam. Et rerum explicabo qui aliquid.', 202, 2, 18, '2018-04-09 06:59:18', '2018-04-09 06:59:18'),
(3, 'consequatur', 'Repudiandae maiores iusto enim. Omnis qui maxime tenetur aut et. Et quis consequuntur esse iste. Suscipit aut perferendis neque animi et.', 614, 5, 3, '2018-04-09 06:59:18', '2018-04-09 06:59:18'),
(4, 'quis', 'Aut illo nobis et. Illo doloribus repellendus et maxime consequuntur autem. Qui expedita vitae consequatur id aut.', 101, 6, 15, '2018-04-09 06:59:18', '2018-04-09 06:59:18'),
(5, 'saepe', 'Aliquam et eos ut reprehenderit omnis repellat. Quia deserunt fugiat voluptates. Rerum at sunt nisi omnis nam fugiat.', 363, 1, 12, '2018-04-09 06:59:18', '2018-04-09 06:59:18'),
(6, 'facere', 'Excepturi rem perferendis optio aliquam. Cupiditate magni hic quasi aut. Quidem dolores dolorem nobis corrupti nisi eaque. Totam earum corporis atque fugit maiores.', 181, 2, 29, '2018-04-09 06:59:18', '2018-04-09 06:59:18'),
(7, 'nam', 'Praesentium amet labore rerum et illo esse adipisci. Mollitia mollitia voluptatibus enim et debitis saepe repellat aut. Neque unde quas dolorem quos tempore.', 615, 5, 11, '2018-04-09 06:59:18', '2018-04-09 06:59:18'),
(8, 'expedita', 'Et qui et illo sit quasi qui ut laborum. Similique laudantium praesentium rem et eum quia et sed. Excepturi in quibusdam harum nemo consequuntur laudantium.', 145, 8, 23, '2018-04-09 06:59:18', '2018-04-09 06:59:18'),
(9, 'nesciunt', 'Nemo quibusdam reprehenderit fuga doloremque consequatur. Provident quo vel quod iure ipsam quod eum. Expedita qui ut nam corrupti.', 362, 6, 20, '2018-04-09 06:59:18', '2018-04-09 06:59:18'),
(10, 'dicta', 'Corporis esse libero illum voluptas facere odit quasi magni. Sed et nesciunt eum explicabo sint. Atque laborum rerum sed nobis est.', 773, 3, 21, '2018-04-09 06:59:18', '2018-04-09 06:59:18'),
(11, 'sunt', 'Ut in totam eaque rem facere. Rem in magnam perferendis ea iste saepe. Illum rerum qui dicta molestiae magni ratione dicta et. Quia facilis exercitationem velit molestias eius minima.', 974, 1, 24, '2018-04-09 06:59:18', '2018-04-09 06:59:18'),
(12, 'velit', 'Qui voluptas eum saepe voluptas facilis aut. Voluptatem voluptate ea dolores aut.', 172, 9, 14, '2018-04-09 06:59:18', '2018-04-09 06:59:18'),
(13, 'velit', 'Minus est libero beatae. Ducimus fuga dolores dolorum nam. Totam sed laudantium amet aut est dicta id.', 983, 5, 13, '2018-04-09 06:59:18', '2018-04-09 06:59:18'),
(14, 'dolor', 'Ut iste nesciunt voluptatum. Rerum natus vel doloremque natus. Exercitationem aut esse qui ea quia. Autem aut debitis rerum nihil.', 841, 0, 21, '2018-04-09 06:59:18', '2018-04-09 06:59:18'),
(15, 'sed', 'Consequatur ea libero necessitatibus temporibus aliquam deserunt magnam. Et illum ab est debitis. Cumque voluptas unde quia. Iure minus accusantium aperiam iure qui.', 391, 8, 15, '2018-04-09 06:59:18', '2018-04-09 06:59:18'),
(16, 'distinctio', 'Suscipit inventore quam rem est commodi. Sed voluptatibus omnis sed et qui. Ex nihil maiores quae excepturi explicabo.', 161, 8, 13, '2018-04-09 06:59:18', '2018-04-09 06:59:18'),
(17, 'voluptatibus', 'Ea vero sed atque tempora numquam. Praesentium doloremque dolor reprehenderit error ut. Ut nobis numquam dolorem. Quia velit ut et fugit temporibus. Sed laboriosam iste aperiam.', 787, 6, 27, '2018-04-09 06:59:18', '2018-04-09 06:59:18'),
(18, 'veritatis', 'Dicta molestiae dolores consequatur dolores. Accusantium accusantium eum rerum iusto ex non ullam. Omnis beatae nihil voluptatum id eius cum.', 112, 6, 22, '2018-04-09 06:59:18', '2018-04-09 06:59:18'),
(19, 'maiores', 'Non sit et maxime molestiae expedita veritatis. Tenetur consequatur necessitatibus commodi sint. Corrupti beatae modi atque nostrum.', 820, 9, 29, '2018-04-09 06:59:18', '2018-04-09 06:59:18'),
(20, 'nihil', 'Id omnis veniam dolorem architecto illo dolorem. Amet necessitatibus natus vitae veniam nam possimus totam. Omnis vel quisquam non labore aut aliquam quis. Qui rerum fugit ipsum ex dignissimos et.', 607, 3, 27, '2018-04-09 06:59:18', '2018-04-09 06:59:18'),
(21, 'commodi', 'Et libero unde quas quos. Veniam veritatis et a odio. Expedita dolorum quia necessitatibus. Quaerat dolores ut reiciendis accusamus deserunt animi sit.', 310, 9, 20, '2018-04-09 06:59:18', '2018-04-09 06:59:18'),
(22, 'adipisci', 'Ut quia omnis quasi neque et quia consequuntur. Quidem aut voluptates ducimus sit. Hic id dolores sint rem eaque ut.', 272, 1, 17, '2018-04-09 06:59:18', '2018-04-09 06:59:18'),
(23, 'molestias', 'Et a nesciunt alias nulla atque. Nesciunt distinctio eos rerum accusantium. Sunt distinctio minima molestiae aliquid autem consequuntur.', 867, 9, 29, '2018-04-09 06:59:18', '2018-04-09 06:59:18'),
(24, 'earum', 'Qui laborum architecto est molestiae molestias aut magni. Ipsa at sunt eos quasi qui sunt. Et nulla aspernatur velit esse recusandae.', 168, 4, 18, '2018-04-09 06:59:18', '2018-04-09 06:59:18'),
(25, 'explicabo', 'Exercitationem voluptatem optio est officiis dolorem aut. Magni maxime qui id sed dicta animi quidem ex. Enim deleniti commodi quia ipsum odio eos eius. Nisi quo et explicabo dolore est nostrum.', 855, 5, 21, '2018-04-09 06:59:18', '2018-04-09 06:59:18'),
(26, 'itaque', 'Sit aut unde magni minima enim ut sapiente consequatur. Saepe illum possimus harum sequi nisi illo. Ea voluptas ut aliquam est.', 678, 7, 22, '2018-04-09 06:59:18', '2018-04-09 06:59:18'),
(27, 'dolorem', 'Eveniet quis in facere praesentium. Aperiam accusamus quas tempore esse est qui est. Voluptatem ut accusamus sit veniam. Porro totam qui ut enim dolores.', 658, 9, 25, '2018-04-09 06:59:18', '2018-04-09 06:59:18'),
(28, 'quisquam', 'Sit impedit dolor sed provident aut aliquam. Aut voluptatum dolores temporibus qui quis ratione. Explicabo animi consequatur sit error vel aut occaecati. Voluptatem placeat quia unde totam harum placeat enim.', 259, 5, 13, '2018-04-09 06:59:18', '2018-04-09 06:59:18'),
(29, 'sunt', 'Quo nisi rerum exercitationem iste maxime dolore. Est aliquid quod et et. Asperiores voluptas explicabo impedit cum officia impedit. Nemo alias qui voluptatem hic nostrum quidem.', 866, 1, 22, '2018-04-09 06:59:18', '2018-04-09 06:59:18'),
(30, 'sit', 'Est sunt aspernatur quae aut sed fugit. Dignissimos ut qui excepturi maxime commodi placeat voluptate. Ratione modi ab sunt. Fuga recusandae aut quia natus. Placeat nisi numquam omnis quia nostrum.', 419, 0, 27, '2018-04-09 06:59:18', '2018-04-09 06:59:18'),
(31, 'autem', 'Maxime et quibusdam autem nihil velit. Excepturi suscipit iste consequatur voluptates. Consequatur nisi dolor modi a rem voluptas. Minima laudantium saepe eaque modi.', 607, 8, 20, '2018-04-09 06:59:18', '2018-04-09 06:59:18'),
(32, 'libero', 'Architecto beatae similique voluptas nobis. Qui corrupti quidem maiores ipsa. Consequatur quaerat dolor voluptate enim sed officiis blanditiis. Ut cum doloremque exercitationem ab placeat doloribus quod.', 701, 8, 20, '2018-04-09 06:59:18', '2018-04-09 06:59:18'),
(33, 'maxime', 'Cum ipsa eos et unde nesciunt suscipit. Autem porro minima molestias quia et tenetur nobis modi. Vel alias dolor ab eos autem sit et dolore. Dolores nemo sapiente sunt deleniti est ut.', 165, 3, 25, '2018-04-09 06:59:18', '2018-04-09 06:59:18'),
(34, 'esse', 'Reiciendis labore aut id est. Qui sed aut ipsam cumque voluptatem nostrum. Repellendus est odit qui quas et consequatur quas id. Qui ut iste soluta illum amet et porro.', 171, 0, 16, '2018-04-09 06:59:19', '2018-04-09 06:59:19'),
(35, 'similique', 'Magni eligendi nihil eius magnam ut earum recusandae esse. Aliquam molestiae consequatur porro quo. Vero voluptates et atque quod. Molestias omnis molestiae odit expedita.', 257, 9, 3, '2018-04-09 06:59:19', '2018-04-09 06:59:19'),
(36, 'dolorem', 'Saepe est ipsa iusto. Quo sed officiis non quod minima et. Ipsam esse ut vel cupiditate voluptates tenetur a adipisci. Molestiae accusamus ut et suscipit quaerat et.', 810, 5, 23, '2018-04-09 06:59:19', '2018-04-09 06:59:19'),
(37, 'rem', 'Accusamus perspiciatis cupiditate facilis ea est. Temporibus consequatur minus id ab. Delectus eaque voluptatibus quis est. Ab rerum enim odio consequuntur. Reiciendis nostrum et in aut tempora debitis.', 246, 1, 3, '2018-04-09 06:59:19', '2018-04-09 06:59:19'),
(38, 'aut', 'Et ab in in nesciunt. Architecto totam explicabo quisquam ea minima et ipsam qui. Asperiores sed aut laboriosam. Aut et aut totam vero occaecati.', 955, 4, 17, '2018-04-09 06:59:19', '2018-04-09 06:59:19'),
(39, 'iusto', 'Sed totam esse fugit illo quidem. Odit voluptate autem eius temporibus accusamus natus. Modi veniam omnis adipisci ut accusamus. Molestiae animi illum voluptates.', 485, 0, 27, '2018-04-09 06:59:19', '2018-04-09 06:59:19'),
(40, 'odit', 'Sequi iure beatae eos et cupiditate maxime. Quia nihil illo tenetur. Ut excepturi sapiente qui consectetur et culpa in.', 226, 2, 26, '2018-04-09 06:59:19', '2018-04-09 06:59:19'),
(41, 'aspernatur', 'Dignissimos delectus ut ab odio facere incidunt commodi. Autem a possimus error officiis quia. Eos aspernatur est eum eligendi dicta. Quisquam sed sint est perferendis dicta ex.', 622, 4, 11, '2018-04-09 06:59:19', '2018-04-09 06:59:19'),
(42, 'molestiae', 'Ullam repellendus dolorum ut non autem deserunt. Aliquam veritatis harum libero sequi perferendis vel. Occaecati soluta omnis repudiandae ea tempora. Perspiciatis voluptates excepturi beatae quibusdam in.', 333, 5, 16, '2018-04-09 06:59:19', '2018-04-09 06:59:19'),
(43, 'itaque', 'Odit eligendi et autem nostrum molestias illum non voluptas. Dicta deleniti labore vel voluptatem ab quo. Sit vel in aut quam at voluptates voluptatem. Ut minima omnis blanditiis quibusdam debitis architecto. Sunt corporis consequatur ut porro at omnis nisi.', 779, 5, 7, '2018-04-09 06:59:19', '2018-04-09 06:59:19'),
(44, 'deserunt', 'Harum id id earum exercitationem. Necessitatibus quo perferendis tenetur sed ducimus recusandae quia. Enim odio quisquam maxime aliquam.', 998, 5, 19, '2018-04-09 06:59:19', '2018-04-09 06:59:19'),
(45, 'atque', 'Et aut reiciendis et. Dolor quis quam architecto voluptatem doloremque qui deserunt. Tempora voluptas cum reiciendis officia totam dolor maiores. Nihil ab quos unde quo provident. Optio qui esse impedit.', 460, 6, 23, '2018-04-09 06:59:19', '2018-04-09 06:59:19'),
(46, 'ut', 'Quos occaecati est ut temporibus et. Sit soluta quis consequatur ab nobis quae vitae. Architecto quia quo quo veniam odit fuga. Velit natus enim commodi ut.', 362, 0, 10, '2018-04-09 06:59:19', '2018-04-09 06:59:19'),
(47, 'assumenda', 'Aliquam quo soluta vero sapiente quia asperiores quia. Velit possimus natus et consequatur quia labore repudiandae. Quis sit dolorem et beatae ea. Qui est harum neque amet corrupti.', 816, 2, 2, '2018-04-09 06:59:19', '2018-04-09 06:59:19'),
(48, 'inventore', 'Enim quam rerum alias autem totam. Tenetur ratione possimus quo omnis corporis. Aut recusandae et quis. Ut ipsa autem neque debitis dicta quia tempora.', 511, 0, 21, '2018-04-09 06:59:19', '2018-04-09 06:59:19'),
(49, 'possimus', 'Magni qui quo veniam voluptatibus. Corrupti iure necessitatibus possimus accusantium enim aut. Rerum nihil quos cupiditate asperiores ea qui libero vel.', 292, 8, 4, '2018-04-09 06:59:19', '2018-04-09 06:59:19'),
(50, 'tenetur', 'Sint nemo ut officia. Id neque consequatur animi iure est quo et. Iusto ab odit ut illo. A sunt odit eaque dolores corrupti.', 864, 4, 14, '2018-04-09 06:59:19', '2018-04-09 06:59:19');

-- --------------------------------------------------------

--
-- Table structure for table `reviews`
--

CREATE TABLE IF NOT EXISTS `reviews` (
  `id` int(10) unsigned NOT NULL AUTO_INCREMENT,
  `product_id` int(10) unsigned NOT NULL,
  `customer` varchar(191) COLLATE utf8mb4_unicode_ci NOT NULL,
  `review` text COLLATE utf8mb4_unicode_ci NOT NULL,
  `star` int(11) NOT NULL,
  `created_at` timestamp NULL DEFAULT NULL,
  `updated_at` timestamp NULL DEFAULT NULL,
  PRIMARY KEY (`id`),
  KEY `reviews_product_id_index` (`product_id`)
) ENGINE=InnoDB  DEFAULT CHARSET=utf8mb4 COLLATE=utf8mb4_unicode_ci AUTO_INCREMENT=301 ;

--
-- Dumping data for table `reviews`
--

INSERT INTO `reviews` (`id`, `product_id`, `customer`, `review`, `star`, `created_at`, `updated_at`) VALUES
(1, 42, 'Zaria Runolfsson', 'Maiores quasi aliquam ullam est. Aliquam est aliquid omnis ipsam cum cumque pariatur consequatur. Sequi vero voluptatum et fugiat est.', 1, '2018-04-09 06:59:19', '2018-04-09 06:59:19'),
(2, 23, 'Dr. Vern Thompson Sr.', 'Nulla optio sint sint dolore. Porro et est natus nemo consequuntur et. Atque pariatur sit facilis ut fugit aspernatur omnis. Ea odit illo aspernatur unde.', 3, '2018-04-09 06:59:19', '2018-04-09 06:59:19'),
(3, 6, 'Leif Barton Sr.', 'Labore dignissimos distinctio laudantium quas aut repellat. A magni laboriosam quam voluptatum sint explicabo quibusdam. Doloremque vitae dolor unde odit.', 1, '2018-04-09 06:59:19', '2018-04-09 06:59:19'),
(4, 9, 'Ms. Raquel Ullrich III', 'Vel dolor ut temporibus nihil ipsum et adipisci. Exercitationem placeat aut sit asperiores et perspiciatis amet. Incidunt consequatur provident accusantium illum.', 1, '2018-04-09 06:59:19', '2018-04-09 06:59:19'),
(5, 25, 'Mr. Fabian Harvey DDS', 'Aut aut voluptatem accusamus eos placeat. Veniam explicabo perferendis eos nihil. Aut ut enim nostrum sint rerum necessitatibus.', 2, '2018-04-09 06:59:19', '2018-04-09 06:59:19'),
(6, 18, 'Ms. Samantha Altenwerth PhD', 'Fuga aut eligendi optio ut voluptatem. Dolorum illum saepe ex recusandae exercitationem. Sapiente deserunt praesentium sit ipsum quos omnis. Ipsa architecto non sit enim velit architecto consectetur.', 3, '2018-04-09 06:59:19', '2018-04-09 06:59:19'),
(7, 8, 'Yazmin Zemlak', 'Nemo nulla corrupti est rem excepturi ea. Sed enim odio suscipit eos asperiores cumque itaque velit. Occaecati distinctio sapiente voluptatum veritatis nobis doloribus. Sed soluta omnis quis dicta ipsum facere pariatur. Aperiam quasi quae aut quibusdam non.', 3, '2018-04-09 06:59:19', '2018-04-09 06:59:19'),
(8, 28, 'Prof. Corrine Waelchi II', 'Nesciunt praesentium ipsam quo adipisci reprehenderit. Cum quia facilis et et nam et eum. Et aut qui aspernatur earum et quo voluptas.', 1, '2018-04-09 06:59:19', '2018-04-09 06:59:19'),
(9, 48, 'Grady Gorczany', 'Delectus sint cum commodi cumque neque dolorem. Praesentium odio qui rerum et dignissimos qui. Consectetur repudiandae officia dolore aliquam distinctio sit quisquam et. Fugit veniam accusantium quisquam porro enim atque autem aperiam.', 4, '2018-04-09 06:59:19', '2018-04-09 06:59:19'),
(10, 20, 'Augusta Dickinson', 'Magnam ratione dolores autem accusamus qui. Eaque laborum saepe expedita molestias. Doloribus qui ea consequatur rem nulla non fuga beatae. Eos fuga dignissimos quidem ut. Molestiae eos et quibusdam voluptas minima ut.', 5, '2018-04-09 06:59:19', '2018-04-09 06:59:19'),
(11, 28, 'Flossie McLaughlin V', 'Asperiores voluptatem et ea tempore mollitia tempore. Vel consequatur consequatur odit ut. Odio commodi quasi eius doloribus perferendis.', 2, '2018-04-09 06:59:19', '2018-04-09 06:59:19'),
(12, 44, 'Mr. Malcolm Cole III', 'Ex optio ducimus quae et. Voluptates ea at ad aliquam quos quae perspiciatis provident. Sed placeat natus ut sit mollitia nemo dolor. Sed accusamus maxime consequatur.', 3, '2018-04-09 06:59:19', '2018-04-09 06:59:19'),
(13, 42, 'Bridgette Hessel', 'Deserunt ipsam ad consequuntur atque fugiat. Dolorem sed unde ut aliquam. Placeat et sunt officia.', 4, '2018-04-09 06:59:19', '2018-04-09 06:59:19'),
(14, 43, 'Gerardo Howell', 'Cupiditate asperiores ipsum dolorum dolore iste. In libero in magni autem. Incidunt ea corrupti laborum labore. Aliquid et qui vitae.', 3, '2018-04-09 06:59:19', '2018-04-09 06:59:19'),
(15, 36, 'Mr. Tremaine Johnson', 'Nostrum placeat quia suscipit officia vel ullam. Totam nobis voluptas rerum impedit officiis. Ut inventore porro labore praesentium consequatur accusantium. Esse veniam vitae perspiciatis non autem consequatur modi enim.', 4, '2018-04-09 06:59:20', '2018-04-09 06:59:20'),
(16, 48, 'Malika Thiel I', 'Qui omnis praesentium saepe. Vitae quo non ut at saepe expedita et. Eligendi et illo ex sunt ut sapiente.', 3, '2018-04-09 06:59:20', '2018-04-09 06:59:20'),
(17, 18, 'Clair Roberts V', 'Rerum ut atque maxime officiis voluptatum. Corporis qui est voluptatibus recusandae cupiditate. Quo reiciendis quo distinctio totam atque odio. Dolore animi cum quis.', 3, '2018-04-09 06:59:20', '2018-04-09 06:59:20'),
(18, 38, 'Tre Cummings', 'Sint molestiae exercitationem quia laudantium. Dolorum modi consectetur quas voluptatem. Distinctio dolorem reprehenderit autem vitae corporis.', 5, '2018-04-09 06:59:20', '2018-04-09 06:59:20'),
(19, 3, 'Marlen Quitzon', 'Pariatur minus architecto consequuntur vero modi rerum. Praesentium rerum doloremque quos eligendi.', 1, '2018-04-09 06:59:20', '2018-04-09 06:59:20'),
(20, 1, 'Barrett Bergnaum', 'Et earum et et vel. Sunt qui facilis eligendi. Mollitia dignissimos nihil deleniti illum praesentium hic illo.', 2, '2018-04-09 06:59:20', '2018-04-09 06:59:20'),
(21, 3, 'Obie Yundt', 'Ratione non vero vitae quia. Corrupti recusandae doloremque voluptas magni sequi sequi fugiat. Dolorem vitae ratione aliquam quia dolores eum. Fuga qui adipisci ducimus sunt aut similique provident.', 0, '2018-04-09 06:59:20', '2018-04-09 06:59:20'),
(22, 25, 'Dr. John DuBuque', 'Quia voluptatem molestias nisi corrupti temporibus animi. Et quia corrupti laborum natus neque. Impedit et quia eos deserunt nisi. Qui temporibus officia architecto nemo possimus dolor et.', 3, '2018-04-09 06:59:20', '2018-04-09 06:59:20'),
(23, 46, 'Miss Sabina Huel PhD', 'Voluptatem iure odit quia iusto est est quo magnam. Et totam eligendi id voluptate sunt. Ipsum quos eligendi et quia id.', 4, '2018-04-09 06:59:20', '2018-04-09 06:59:20'),
(24, 41, 'Bulah Lueilwitz DDS', 'Sint voluptate atque expedita totam quis ipsum. Numquam libero cum recusandae deleniti dolorem fugiat. Aut molestiae aut qui ratione omnis. Et laborum ut eaque porro.', 3, '2018-04-09 06:59:20', '2018-04-09 06:59:20'),
(25, 5, 'Dr. Ramiro Weimann V', 'Blanditiis sit doloremque aspernatur beatae labore voluptatem. Dolores molestiae quod fuga totam accusantium repudiandae ut consectetur.', 5, '2018-04-09 06:59:20', '2018-04-09 06:59:20'),
(26, 43, 'Richie Stamm', 'Necessitatibus minus molestiae facilis nobis beatae omnis praesentium. Et repellat quaerat in consequatur. Modi officiis non aperiam id aut dolorem.', 5, '2018-04-09 06:59:20', '2018-04-09 06:59:20'),
(27, 37, 'Mrs. Annie Barrows PhD', 'Nulla non facere est reiciendis. Suscipit tempora exercitationem possimus eveniet reprehenderit sequi in. Inventore commodi omnis est laborum incidunt sunt.', 0, '2018-04-09 06:59:20', '2018-04-09 06:59:20'),
(28, 11, 'Dr. Crawford Huels DDS', 'Magnam est sint omnis id pariatur similique illo. Dolor distinctio illum dolorem. Nesciunt autem corporis asperiores architecto id itaque voluptas. Incidunt sint illo eos facere nesciunt aut magnam alias.', 5, '2018-04-09 06:59:20', '2018-04-09 06:59:20'),
(29, 35, 'Dr. Desiree Feil Sr.', 'Necessitatibus ut dolore iste qui tempora illo sint. Molestiae suscipit voluptatem harum vero velit quaerat. Ab voluptas illo voluptate ut nisi quod. Et modi eum sunt odio alias ducimus possimus.', 2, '2018-04-09 06:59:20', '2018-04-09 06:59:20'),
(30, 16, 'Dejuan Farrell', 'Fuga est aspernatur possimus deleniti. Exercitationem molestiae a eaque nemo quidem autem pariatur. Qui doloribus et quia quis culpa voluptatem nihil accusantium. Tenetur asperiores tempora id dolorum aspernatur minus.', 2, '2018-04-09 06:59:20', '2018-04-09 06:59:20'),
(31, 46, 'Lillie Abbott Jr.', 'Ab qui beatae quis sunt odit vero ipsam hic. Nesciunt sed quo delectus fuga et. Animi eum et tenetur necessitatibus architecto vel.', 2, '2018-04-09 06:59:20', '2018-04-09 06:59:20'),
(32, 39, 'Korbin Russel', 'Repellendus laudantium earum ut aut. Quos aut molestias eum neque quia porro. Repellendus commodi accusantium commodi commodi earum error in quis.', 3, '2018-04-09 06:59:20', '2018-04-09 06:59:20'),
(33, 6, 'Bulah Zulauf', 'Cupiditate inventore amet animi sequi quis voluptatem sed. Modi accusantium quis asperiores odio. Repellendus sunt sed repellat et doloribus mollitia.', 5, '2018-04-09 06:59:20', '2018-04-09 06:59:20'),
(34, 8, 'Ubaldo Kutch Sr.', 'Debitis veniam repellendus rerum optio. Eaque molestiae doloremque quasi eos consequatur optio provident. Nesciunt natus doloremque officiis molestiae eaque. Atque aut voluptas deleniti et numquam voluptatem.', 1, '2018-04-09 06:59:20', '2018-04-09 06:59:20'),
(35, 33, 'Dr. Vaughn Kshlerin', 'Quidem vel qui eos. Explicabo autem aut quo minus magni. Quidem aperiam vitae repudiandae praesentium qui corrupti ut quos. Quia id reiciendis id dolor.', 0, '2018-04-09 06:59:20', '2018-04-09 06:59:20'),
(36, 33, 'Prof. Will Lueilwitz', 'Ullam reprehenderit doloribus unde commodi. Atque ipsum eos voluptas rerum.', 5, '2018-04-09 06:59:20', '2018-04-09 06:59:20'),
(37, 7, 'Oceane Sporer', 'Deleniti eum voluptatem magnam qui sed quis molestiae. Fuga sint at a ut earum. Quia illo quibusdam eos modi animi sed enim.', 0, '2018-04-09 06:59:20', '2018-04-09 06:59:20'),
(38, 22, 'Ms. Nyasia Strosin I', 'Qui dolores illum sit qui vitae ut. Ea iusto sed et accusamus excepturi aut explicabo. Sit nisi sed sit aperiam.', 1, '2018-04-09 06:59:20', '2018-04-09 06:59:20'),
(39, 16, 'Adaline Wilkinson', 'Quisquam qui necessitatibus et distinctio. Deleniti est totam voluptatibus et similique.', 1, '2018-04-09 06:59:20', '2018-04-09 06:59:20'),
(40, 11, 'Marina Wolff', 'Et aspernatur eum sunt quos quisquam. Debitis et voluptatem totam doloribus doloremque quis recusandae. Facilis eos amet id nulla neque qui. Sit fuga magnam unde nulla quae tenetur. Voluptas ut laudantium aliquam ipsa magnam.', 5, '2018-04-09 06:59:20', '2018-04-09 06:59:20'),
(41, 24, 'Prof. Marlin Hilll', 'Eos qui laudantium repudiandae facere doloribus. Aut deserunt aliquid possimus eum et voluptas a. Sit fugiat architecto iusto at debitis. Inventore aspernatur pariatur eos.', 5, '2018-04-09 06:59:20', '2018-04-09 06:59:20'),
(42, 7, 'Dr. Russ Schiller', 'Possimus autem repellendus officia similique dolor ducimus. Enim ut animi eius nihil quas sint id. Hic non dolorem aut nobis nulla eius non.', 2, '2018-04-09 06:59:20', '2018-04-09 06:59:20'),
(43, 16, 'Caleigh Mosciski', 'Culpa architecto explicabo et dolor. Voluptate ullam et error qui sequi. Aut ipsam consequatur voluptatem dolore molestias. Voluptatem quasi necessitatibus iusto ut molestiae sint molestias.', 2, '2018-04-09 06:59:20', '2018-04-09 06:59:20'),
(44, 28, 'Chadd Rath', 'Officia laboriosam quisquam molestiae quaerat excepturi. Sint quidem veritatis tempore ab et repellat provident.', 5, '2018-04-09 06:59:20', '2018-04-09 06:59:20'),
(45, 46, 'Guido McDermott', 'Voluptas molestias cumque et non id vel dolorum. Amet voluptate sit voluptatem nemo non et.', 4, '2018-04-09 06:59:20', '2018-04-09 06:59:20'),
(46, 50, 'Noah Emmerich', 'Nisi asperiores eos iste non. Perspiciatis odit aliquam quidem quidem molestiae. Sunt vero et quidem aut dolor. Qui saepe et maiores placeat.', 4, '2018-04-09 06:59:20', '2018-04-09 06:59:20'),
(47, 41, 'Humberto Zulauf', 'Voluptas quo dolor sit fugiat repellendus. Et suscipit ipsa perferendis autem. Labore et laborum tenetur nostrum. Unde maiores laborum libero quia maiores.', 2, '2018-04-09 06:59:20', '2018-04-09 06:59:20'),
(48, 12, 'Gay Anderson', 'Laudantium quidem facere est sed maxime optio. Sint rerum ipsa voluptas sit temporibus aut nihil tempora. Laborum dolores aut cumque quis. Facere aperiam aliquid et soluta debitis.', 5, '2018-04-09 06:59:20', '2018-04-09 06:59:20'),
(49, 39, 'Dante Johnston', 'Et maiores in nihil incidunt officia quos vel explicabo. Molestiae repellat doloribus voluptatem accusantium et labore. Sapiente voluptates vero ea consequatur rerum laboriosam.', 1, '2018-04-09 06:59:20', '2018-04-09 06:59:20'),
(50, 37, 'Prof. Mozelle King DDS', 'Eius eaque quo laborum ut praesentium. Nisi in enim tempora aut occaecati. Et eos nisi ipsum voluptatum earum odio impedit. Officia fuga nesciunt quibusdam ea alias.', 3, '2018-04-09 06:59:20', '2018-04-09 06:59:20'),
(51, 23, 'Fredy Botsford', 'Dicta necessitatibus ipsa tempore sit. Vero ut impedit deleniti eum et. Architecto enim et laborum distinctio optio a rem.', 4, '2018-04-09 06:59:20', '2018-04-09 06:59:20'),
(52, 14, 'Dr. Renee Schamberger MD', 'Beatae quas explicabo doloremque quis. Nostrum sed nihil occaecati corporis nam fugiat debitis minima. Repellat sequi eaque animi qui. Ex ipsam dolor ut aut natus blanditiis.', 4, '2018-04-09 06:59:20', '2018-04-09 06:59:20'),
(53, 5, 'Prof. Sam Waters', 'Ut et sit et iste deleniti molestias. Facilis quasi blanditiis eum dolores consequatur quia. Maiores numquam ut quisquam ipsum non. Accusamus aperiam ea harum officiis ea consequatur.', 2, '2018-04-09 06:59:20', '2018-04-09 06:59:20'),
(54, 42, 'Neha Jerde', 'Ut repellendus molestiae maxime mollitia nemo. Velit impedit incidunt et fugit qui iure. Blanditiis minus modi exercitationem enim. Rerum eaque molestiae enim tempora quis.', 5, '2018-04-09 06:59:20', '2018-04-09 06:59:20'),
(55, 16, 'Kamron Reichel', 'Minima et animi quis quo. Architecto quibusdam et doloremque est. Adipisci suscipit atque fugit quo quibusdam omnis quasi. Sit tempore enim et nihil non pariatur.', 1, '2018-04-09 06:59:20', '2018-04-09 06:59:20'),
(56, 3, 'Dr. Arno Moore Jr.', 'Itaque modi dolorem aperiam occaecati reiciendis beatae molestiae. Autem et et et odio ut nostrum eaque. Culpa cupiditate totam at porro eius eaque.', 4, '2018-04-09 06:59:21', '2018-04-09 06:59:21'),
(57, 9, 'Prof. Alice Treutel', 'Tenetur deserunt id architecto reprehenderit deleniti officiis. Ut nemo qui ipsa est. Fugiat similique mollitia sint aliquam sed quia itaque.', 1, '2018-04-09 06:59:21', '2018-04-09 06:59:21'),
(58, 37, 'Prof. Lonny Mosciski DVM', 'Rem quod cupiditate perspiciatis velit sint eos fugit. Provident quod exercitationem voluptatibus nihil in velit explicabo. Consequatur enim atque quidem fuga maxime numquam. Unde consequatur repudiandae et nulla illum qui.', 0, '2018-04-09 06:59:21', '2018-04-09 06:59:21'),
(59, 21, 'Mr. Wilbert Hamill', 'Sed accusamus quasi magni nesciunt. Cum excepturi nihil officia a totam iusto qui eum. Vel quisquam iure consectetur assumenda debitis velit sunt. Odio architecto explicabo aut non aliquam.', 4, '2018-04-09 06:59:21', '2018-04-09 06:59:21'),
(60, 29, 'Dorian Smith', 'Et reiciendis magnam molestias. Qui harum quam suscipit rerum est amet. Fugit enim deleniti tenetur porro accusamus quas. Rerum quia enim qui animi voluptatibus molestias accusamus.', 5, '2018-04-09 06:59:21', '2018-04-09 06:59:21'),
(61, 21, 'Camilla Gusikowski', 'Aliquam magni sed officiis culpa ut aut incidunt repellendus. Et aut voluptas et quasi a unde incidunt dolores. Laudantium saepe provident minima ut asperiores. Est autem culpa sapiente commodi.', 0, '2018-04-09 06:59:21', '2018-04-09 06:59:21'),
(62, 37, 'Ebony Hirthe', 'Provident neque libero quis id. Et quam sint sed eveniet ut. A voluptas quasi necessitatibus adipisci.', 0, '2018-04-09 06:59:21', '2018-04-09 06:59:21'),
(63, 9, 'Dr. Milton Crona III', 'Ipsa necessitatibus deleniti rerum est officiis accusantium blanditiis. Rerum qui tempore iure molestiae veritatis quidem. Mollitia est voluptatem vitae. Minima eaque minima laboriosam expedita.', 4, '2018-04-09 06:59:21', '2018-04-09 06:59:21'),
(64, 30, 'Prof. Karen Satterfield', 'Vero ducimus nulla quo animi iste culpa rerum. Et reiciendis quisquam quam aperiam porro nesciunt. Non soluta nam porro id. Vero maiores voluptatem aut aspernatur non.', 2, '2018-04-09 06:59:21', '2018-04-09 06:59:21'),
(65, 13, 'Josh West IV', 'Vel voluptatibus amet et magnam. Quo qui sequi aut doloribus. Dolores dolorum qui et et facilis rerum. Exercitationem non sit et qui. Delectus voluptate quas officiis porro corrupti iusto numquam.', 1, '2018-04-09 06:59:21', '2018-04-09 06:59:21'),
(66, 33, 'Rosemarie Hand', 'Et ex est aperiam eum vero omnis. Veritatis sit nostrum rem molestias. Officia non consequatur dicta ut.', 2, '2018-04-09 06:59:21', '2018-04-09 06:59:21'),
(67, 30, 'Emory Hermann', 'Tenetur quidem optio enim et quaerat tenetur. Omnis vero quo quae aut dicta aliquid vel.', 2, '2018-04-09 06:59:21', '2018-04-09 06:59:21'),
(68, 40, 'Joanne Muller', 'Dolorem culpa libero eos saepe nobis. Autem fuga quae eaque eos. Aut suscipit a tempora eligendi deserunt accusamus ipsam. Commodi dolor rerum deserunt eligendi vel quis.', 3, '2018-04-09 06:59:21', '2018-04-09 06:59:21'),
(69, 20, 'Mr. Luciano Reinger Jr.', 'Dolores velit est atque saepe et aut. Et molestiae consequatur exercitationem dolor. Iusto ut quia pariatur accusamus eius quia nihil rerum.', 0, '2018-04-09 06:59:21', '2018-04-09 06:59:21'),
(70, 38, 'Blanche Stark', 'Illo cum libero voluptate officia quasi et. Dolorem exercitationem ducimus cum quibusdam. Tempora aut nostrum repellendus commodi nihil debitis ab. Et impedit dicta sequi repellendus pariatur non sequi.', 0, '2018-04-09 06:59:21', '2018-04-09 06:59:21'),
(71, 31, 'Raven Champlin', 'Nisi maxime eum consequuntur perferendis officia eaque voluptas. Deserunt consequatur omnis nemo non dolor. Perspiciatis et vero qui debitis incidunt quos.', 3, '2018-04-09 06:59:21', '2018-04-09 06:59:21'),
(72, 18, 'Krista Spinka', 'Est ut labore iste iste facere excepturi facilis. Deleniti sunt quia dolor laboriosam distinctio dicta fugit. Ea accusantium hic dolorum. Dolorem culpa iusto nesciunt vero dolor suscipit corporis.', 3, '2018-04-09 06:59:21', '2018-04-09 06:59:21'),
(73, 21, 'Blaze Bayer', 'Eligendi vel doloribus et cumque enim in. Est deleniti iure dolorem porro est. Et omnis dicta voluptatibus magni.', 0, '2018-04-09 06:59:21', '2018-04-09 06:59:21'),
(74, 5, 'Rigoberto Willms', 'Incidunt aperiam cum voluptatem qui reprehenderit et. Sit ex pariatur dolor quia et nam praesentium. Vitae voluptas velit omnis iste. Sed reprehenderit facilis voluptate est repudiandae rerum. Ducimus minima omnis impedit ut occaecati et magni velit.', 5, '2018-04-09 06:59:21', '2018-04-09 06:59:21'),
(75, 32, 'Dameon Schroeder', 'Ut et exercitationem eaque dolor excepturi officia. Deleniti ipsum omnis quia sint iusto. Corporis molestiae eligendi eos natus error. Qui ut delectus est ipsam ut facere.', 3, '2018-04-09 06:59:21', '2018-04-09 06:59:21'),
(76, 36, 'Antone Hermiston', 'Cupiditate eos recusandae rerum. Unde eius iusto ut maxime id dolor quo.', 4, '2018-04-09 06:59:21', '2018-04-09 06:59:21'),
(77, 25, 'Jewell Stiedemann PhD', 'Fugit reprehenderit et dolor atque et. Laudantium qui voluptates aut qui. Sunt est architecto quam sint aut molestias molestias.', 2, '2018-04-09 06:59:21', '2018-04-09 06:59:21'),
(78, 45, 'Beatrice Effertz', 'Est nam explicabo sunt nesciunt. Dicta dolores quis labore et. Nihil ratione necessitatibus consectetur voluptatem reprehenderit at.', 3, '2018-04-09 06:59:21', '2018-04-09 06:59:21'),
(79, 41, 'Mrs. Eleanora Schumm', 'Magni temporibus illum eius enim. Consectetur saepe ut sint. Soluta molestias aut ducimus voluptatem omnis est laboriosam error. Natus facere dolorem amet rerum.', 0, '2018-04-09 06:59:21', '2018-04-09 06:59:21'),
(80, 38, 'Prof. Yvonne Bahringer DVM', 'Inventore possimus accusantium ut voluptatem illo nihil voluptatem. Expedita qui est necessitatibus enim omnis perspiciatis. Repudiandae eos voluptatem placeat architecto. Qui eaque officiis harum voluptatem tenetur expedita.', 1, '2018-04-09 06:59:21', '2018-04-09 06:59:21'),
(81, 34, 'Sincere Breitenberg', 'Aut doloremque voluptatem consequuntur doloremque earum rem deserunt. Quibusdam beatae voluptas ut cumque quis nihil. Ut ea blanditiis ad magnam sit. Facere id debitis quia dolores.', 2, '2018-04-09 06:59:21', '2018-04-09 06:59:21'),
(82, 26, 'Alycia Orn', 'Qui ex nihil molestias unde quidem cumque. Accusamus qui voluptatibus facilis voluptas voluptatibus. Consequuntur illo assumenda enim dolorum. Inventore beatae ea ex deleniti enim.', 5, '2018-04-09 06:59:21', '2018-04-09 06:59:21'),
(83, 18, 'Ardella Spinka', 'Soluta vel cupiditate eaque accusantium aut suscipit amet delectus. Hic commodi expedita maxime aut consequatur ut. Minima aliquid deserunt nulla odio saepe reprehenderit.', 0, '2018-04-09 06:59:21', '2018-04-09 06:59:21'),
(84, 44, 'Tomas Smitham', 'Qui accusamus eligendi repudiandae consequuntur suscipit. Voluptatem delectus id qui impedit. Itaque ipsa maxime natus ab a dolor.', 4, '2018-04-09 06:59:21', '2018-04-09 06:59:21'),
(85, 30, 'Moses Reinger MD', 'Reprehenderit excepturi occaecati sequi rerum rerum harum adipisci cumque. Laboriosam vel minima iure maiores et. Odit molestias doloribus provident quibusdam. Ut omnis ullam quia earum.', 3, '2018-04-09 06:59:21', '2018-04-09 06:59:21'),
(86, 9, 'Brandi Welch', 'Possimus aut eos ipsum voluptas molestias quasi. Quidem et quis delectus aliquid. Ex quidem cumque nihil vero. Molestias quasi qui laborum consequatur qui dolores et.', 1, '2018-04-09 06:59:21', '2018-04-09 06:59:21'),
(87, 40, 'Bernie Klocko', 'Ipsa hic non inventore numquam impedit. Quis vel iure excepturi repellat hic provident cum. Distinctio necessitatibus eaque neque quisquam corporis expedita sit.', 0, '2018-04-09 06:59:21', '2018-04-09 06:59:21'),
(88, 7, 'Garnet O''Hara', 'Fugiat enim autem facilis sit id est est. Voluptas dolore minus ab ex commodi iste nam quas. Cum placeat ipsum ut dolor. Praesentium doloribus sed reprehenderit cupiditate et accusamus perspiciatis. Consequatur quae architecto et perspiciatis commodi.', 2, '2018-04-09 06:59:21', '2018-04-09 06:59:21'),
(89, 38, 'Zoe Farrell', 'Corrupti laudantium et incidunt itaque. Minima sed adipisci dolorem enim rerum voluptatem molestias consectetur. Maiores soluta consequatur rem voluptas autem.', 2, '2018-04-09 06:59:21', '2018-04-09 06:59:21'),
(90, 27, 'Mrs. Frieda Wilderman', 'Et qui voluptate laboriosam a sit. Et omnis maxime quibusdam mollitia illo ut exercitationem. Ea eos rerum perspiciatis. Sit dignissimos dolorum molestiae consequatur qui.', 0, '2018-04-09 06:59:21', '2018-04-09 06:59:21'),
(91, 14, 'Zakary Zieme', 'Ab non deserunt et aut rem et. Aperiam et incidunt et. Mollitia temporibus illum nobis tempore.', 4, '2018-04-09 06:59:21', '2018-04-09 06:59:21'),
(92, 48, 'Odie Reinger', 'Voluptates quod illum quo perferendis. Officia ducimus consequuntur ipsum repudiandae. Alias sint aperiam sed sint fugiat beatae nihil.', 2, '2018-04-09 06:59:21', '2018-04-09 06:59:21'),
(93, 32, 'Celine Leannon', 'Sit quas est beatae vero sunt. Sed hic dolores nulla animi quos qui. Cupiditate ea dolorem amet ut. Voluptas facere eligendi facere eligendi blanditiis et tempora quidem.', 5, '2018-04-09 06:59:21', '2018-04-09 06:59:21'),
(94, 47, 'Ms. Cara Feil', 'Ipsa vel soluta et qui. Quas maxime perferendis consequatur odio. Explicabo vel error cum aperiam consequatur ut voluptate. Voluptatem odio aut eum vel rerum.', 4, '2018-04-09 06:59:21', '2018-04-09 06:59:21'),
(95, 14, 'Raheem Walter DVM', 'Excepturi iure animi animi in. Ab repudiandae occaecati animi nulla. Consectetur enim architecto dolorem at sapiente id. Expedita nam non enim nam eveniet.', 4, '2018-04-09 06:59:21', '2018-04-09 06:59:21'),
(96, 4, 'Ryder Hettinger', 'Non adipisci quam maxime vel. Repudiandae tenetur culpa natus non ullam quod. Cumque distinctio perferendis quisquam expedita laborum possimus fugit. Adipisci iure dolore provident impedit esse sit nihil et. Delectus temporibus laboriosam consectetur est.', 4, '2018-04-09 06:59:22', '2018-04-09 06:59:22'),
(97, 48, 'Yvette Conn', 'Assumenda assumenda tenetur culpa. Libero et nobis eum non est et enim.', 2, '2018-04-09 06:59:22', '2018-04-09 06:59:22'),
(98, 40, 'Ms. Carolina Bins Jr.', 'A omnis nihil reiciendis temporibus explicabo. Facilis voluptate ad molestiae accusamus sed. Molestiae et vitae non quaerat. Quidem quos id quo et atque consequatur.', 3, '2018-04-09 06:59:22', '2018-04-09 06:59:22'),
(99, 24, 'Stephany Cassin', 'Non et et et qui et. Necessitatibus laboriosam iure explicabo accusantium distinctio. Eaque explicabo est aut quia.', 3, '2018-04-09 06:59:22', '2018-04-09 06:59:22'),
(100, 29, 'Sofia Shields MD', 'Nisi ut rerum autem laudantium numquam distinctio. Dolorum quo cupiditate non dicta repellat dolorem cumque optio. Magni neque totam voluptate doloremque.', 5, '2018-04-09 06:59:22', '2018-04-09 06:59:22'),
(101, 37, 'Maribel Marvin', 'Sed consequuntur est eveniet inventore omnis. Repudiandae odit sequi necessitatibus deleniti provident impedit est. Ducimus quas consequatur vitae voluptas repellat cumque.', 0, '2018-04-09 06:59:22', '2018-04-09 06:59:22'),
(102, 42, 'Glenda McCullough', 'Eius laborum asperiores et itaque. Iure facere fugiat ut sed consequuntur debitis eos. Recusandae explicabo qui vel ea totam esse et. Esse non consequuntur aut ipsam quis sit.', 5, '2018-04-09 06:59:22', '2018-04-09 06:59:22'),
(103, 35, 'Alden Klocko', 'Sunt nobis sint nihil optio atque laboriosam ea. Consequatur illum explicabo nesciunt non dolorem. Accusamus doloremque dolorem omnis doloremque.', 1, '2018-04-09 06:59:22', '2018-04-09 06:59:22'),
(104, 40, 'Jarret Ullrich', 'Quaerat dolor commodi facilis est quas omnis ipsum. Adipisci et quaerat ratione. Est enim iure laborum earum eveniet ut.', 3, '2018-04-09 06:59:22', '2018-04-09 06:59:22'),
(105, 27, 'Prof. Flo Prohaska PhD', 'Molestiae nemo repellendus numquam sed dolorem veritatis laudantium. Ducimus ea sunt iusto et officia consequatur suscipit. Mollitia occaecati et omnis laudantium hic explicabo ut.', 0, '2018-04-09 06:59:22', '2018-04-09 06:59:22'),
(106, 35, 'Kendra Blanda', 'Molestiae id velit repellat et nemo. Ut modi dolor id exercitationem non asperiores et. Iste in id optio et.', 4, '2018-04-09 06:59:22', '2018-04-09 06:59:22'),
(107, 12, 'Janick Cormier', 'Aut corrupti sint illo ad dolorem tempora modi. Molestiae ut et est. Beatae tempora excepturi eligendi quia totam in. Nihil debitis ea fugit eveniet at.', 0, '2018-04-09 06:59:22', '2018-04-09 06:59:22'),
(108, 44, 'Corrine Kilback', 'Quia perspiciatis laboriosam et at atque nulla sed. Reprehenderit quos iusto minima laborum dolor fugit. Ea aut optio est consequuntur. Voluptatem mollitia rem dicta eveniet dolorum.', 2, '2018-04-09 06:59:22', '2018-04-09 06:59:22'),
(109, 18, 'Raegan Bergnaum', 'Culpa distinctio optio ad. Eum molestiae odio quae rerum tempore illum. Dicta voluptatem voluptatem quidem non et autem pariatur. Et aliquam sint non eum maxime et.', 5, '2018-04-09 06:59:22', '2018-04-09 06:59:22'),
(110, 12, 'Beth Kuvalis', 'Consequatur ut ipsa omnis fuga at. Magni dolores distinctio recusandae quo et. Molestiae et deserunt id magnam. Neque consequatur deleniti magni fugiat eaque sunt vero. Voluptate id aspernatur temporibus fugit.', 5, '2018-04-09 06:59:22', '2018-04-09 06:59:22'),
(111, 19, 'Olga Treutel', 'Minima id ab quo. Tempore fuga ullam consequatur omnis voluptates laborum molestiae. Et unde qui eaque magnam qui qui sit nobis.', 5, '2018-04-09 06:59:22', '2018-04-09 06:59:22'),
(112, 22, 'Fernando Lesch DDS', 'Iusto molestias id perspiciatis ratione tenetur beatae quod. Non consectetur eum alias voluptas. Ipsum doloribus voluptas tempore et et.', 0, '2018-04-09 06:59:22', '2018-04-09 06:59:22'),
(113, 5, 'Prof. Eusebio Erdman', 'Voluptatem cum ipsum id qui iste hic tenetur omnis. Officia delectus voluptatibus sapiente autem alias ut. Laboriosam aspernatur et voluptatem sunt. Perspiciatis ipsa nostrum id sequi non recusandae repellat cum. Quae esse qui ut quibusdam voluptatem molestiae.', 0, '2018-04-09 06:59:22', '2018-04-09 06:59:22'),
(114, 19, 'Nels Hoppe Sr.', 'Maxime provident perferendis libero architecto quos. Rerum et totam necessitatibus illum iure. Illo ut neque voluptates.', 5, '2018-04-09 06:59:22', '2018-04-09 06:59:22'),
(115, 34, 'Miss Kiana Kiehn I', 'Qui est culpa necessitatibus. Debitis vel aliquid ad ipsam dolorum sit iusto ducimus. Nesciunt aspernatur impedit nobis quidem excepturi sunt sint ad. Exercitationem exercitationem non voluptatem.', 5, '2018-04-09 06:59:22', '2018-04-09 06:59:22'),
(116, 41, 'Josephine Hilll', 'Repellat consequuntur fuga reiciendis earum ipsam. Sed asperiores et ut iste. Consequatur blanditiis rerum nihil.', 5, '2018-04-09 06:59:22', '2018-04-09 06:59:22'),
(117, 27, 'Deshaun Emmerich', 'Impedit perferendis nihil voluptas sed. Quidem et quo omnis qui et odio. Molestias dicta ducimus impedit quaerat. Quis delectus temporibus delectus suscipit sed.', 0, '2018-04-09 06:59:22', '2018-04-09 06:59:22'),
(118, 31, 'Hank Davis DVM', 'Omnis est qui dolor suscipit similique impedit. Corrupti et sint et iste. Et et consectetur maxime recusandae voluptatibus ipsam dolorem aperiam. Qui quis quod rerum tempora expedita repudiandae fugit.', 5, '2018-04-09 06:59:22', '2018-04-09 06:59:22'),
(119, 38, 'Chadrick Casper', 'Qui non fugit odit consequatur accusantium rerum cum. Recusandae omnis voluptas aut corporis expedita et error. Dolorem laboriosam saepe ducimus iste possimus sit vitae. Molestias sunt voluptates debitis quis harum. Consequatur minus voluptates sed.', 0, '2018-04-09 06:59:22', '2018-04-09 06:59:22'),
(120, 45, 'Geovanni Monahan', 'Ut corporis culpa omnis facilis architecto eligendi autem dolorem. In velit aliquam nesciunt. Quasi error facere molestias ipsam nisi laudantium illo id.', 1, '2018-04-09 06:59:22', '2018-04-09 06:59:22'),
(121, 30, 'Arno Altenwerth', 'Eos labore dolorem quam molestiae hic iusto aliquam. Laborum animi molestias eos rerum quia vel. At esse totam ad odio. Blanditiis consequuntur inventore repellendus.', 4, '2018-04-09 06:59:22', '2018-04-09 06:59:22'),
(122, 22, 'Treva Bruen DVM', 'Aperiam aperiam quo necessitatibus ut. Aut dolorem aut quia et harum molestiae velit. Temporibus incidunt ea autem aut autem dolores.', 0, '2018-04-09 06:59:22', '2018-04-09 06:59:22'),
(123, 39, 'Angie Haley', 'Sed ut officiis adipisci eaque voluptas ullam debitis id. Rerum at qui tenetur corrupti rerum consequatur exercitationem. Expedita non amet voluptas inventore. Exercitationem accusamus porro libero reiciendis ex eaque.', 3, '2018-04-09 06:59:22', '2018-04-09 06:59:22'),
(124, 43, 'Jerome Auer', 'Voluptatibus qui voluptatibus officiis voluptatibus. Nemo quo nihil exercitationem autem. Vel autem enim modi voluptatum nam.', 5, '2018-04-09 06:59:22', '2018-04-09 06:59:22'),
(125, 31, 'Velda Medhurst', 'A eligendi error quia omnis ipsa maiores pariatur. Sapiente harum numquam ex id ut nulla. Veritatis molestias alias sit eum qui quo dolore. Dolorem dicta tempore quibusdam.', 1, '2018-04-09 06:59:22', '2018-04-09 06:59:22'),
(126, 37, 'Sarah Rodriguez PhD', 'Ratione a quidem soluta omnis expedita. Voluptatem voluptatem commodi ut.', 4, '2018-04-09 06:59:22', '2018-04-09 06:59:22'),
(127, 37, 'Colleen Kunze DVM', 'Ut neque facere ut pariatur aut consequatur laborum. Sed ut quaerat dolorem voluptas odio placeat.', 0, '2018-04-09 06:59:22', '2018-04-09 06:59:22'),
(128, 25, 'Ms. Makayla Yundt', 'Voluptatum autem culpa harum dolor nostrum beatae tempora. Consequatur et atque voluptas repellendus necessitatibus. Quia in enim expedita consequatur et aut odio. Occaecati voluptatem reprehenderit minus autem beatae eum. Quis vel voluptate placeat assumenda aspernatur voluptatem repudiandae.', 5, '2018-04-09 06:59:22', '2018-04-09 06:59:22'),
(129, 9, 'Dr. Sedrick Parisian', 'Eum quasi sint quam sit natus possimus. Assumenda eveniet quos dicta ut voluptatem nobis. Quo ipsam optio id illo dolores.', 0, '2018-04-09 06:59:22', '2018-04-09 06:59:22'),
(130, 17, 'Levi Upton', 'Laudantium dolorem dignissimos incidunt ipsam hic. Hic nemo voluptatibus quia dolorum officiis quo illo et. Quia quod ex id dolor.', 3, '2018-04-09 06:59:22', '2018-04-09 06:59:22'),
(131, 2, 'Mr. Axel Kessler DVM', 'Placeat accusantium accusamus consequatur in autem. Et quaerat asperiores eaque iste. Nulla laudantium qui qui nobis ad sed. Rerum at magni quisquam eum quisquam. Temporibus quia pariatur fugiat.', 4, '2018-04-09 06:59:22', '2018-04-09 06:59:22'),
(132, 43, 'Prof. Nils Stamm DVM', 'Quaerat eius laboriosam minima doloribus repellat quo. Sunt rerum labore tempore. Est et ad tempore incidunt et maiores ab qui. Earum et rerum unde explicabo accusamus voluptatum voluptatum.', 2, '2018-04-09 06:59:23', '2018-04-09 06:59:23'),
(133, 34, 'Magdalena Barrows', 'Vitae deserunt ut quo. Itaque nihil temporibus tempore molestiae. Voluptas repellat dolorum debitis voluptatem pariatur omnis.', 0, '2018-04-09 06:59:23', '2018-04-09 06:59:23'),
(134, 8, 'Jaydon Ruecker', 'Voluptatem enim et aut quibusdam recusandae eveniet. Nihil quis eius totam pariatur et. Et atque recusandae et.', 2, '2018-04-09 06:59:23', '2018-04-09 06:59:23'),
(135, 9, 'Jesus Mosciski', 'Voluptatem earum nam ut ut et. Voluptas explicabo nam earum vel fugit amet. Sit perferendis quae ea.', 3, '2018-04-09 06:59:23', '2018-04-09 06:59:23'),
(136, 30, 'Maybell Legros', 'Cumque eos quisquam eum nemo porro. Rerum officia non sunt odio dolorem. Iste autem veritatis qui dolorum. Accusamus minima et est autem consequatur.', 2, '2018-04-09 06:59:23', '2018-04-09 06:59:23'),
(137, 15, 'Asa Botsford', 'Suscipit veniam veniam quos pariatur. Sint molestiae asperiores et ex.', 0, '2018-04-09 06:59:23', '2018-04-09 06:59:23'),
(138, 7, 'Jarrod Collins DVM', 'Accusantium totam voluptates non est quia nostrum totam. Molestiae qui sed necessitatibus explicabo autem enim id quas. Dolores eum debitis quisquam placeat. Doloremque est odit veniam iure et maxime.', 1, '2018-04-09 06:59:23', '2018-04-09 06:59:23'),
(139, 9, 'Josefa O''Connell', 'Occaecati assumenda est et necessitatibus molestias impedit praesentium. Eius voluptatem tenetur sint nisi pariatur. Impedit iusto esse dolores fugit vero blanditiis. Ex tempore aspernatur tenetur nostrum ut.', 2, '2018-04-09 06:59:23', '2018-04-09 06:59:23'),
(140, 5, 'Prof. Tiffany Koelpin MD', 'Nobis blanditiis consequatur culpa laborum. Alias sunt qui officia. Facilis tenetur et ut nesciunt minima aliquid tenetur. Quas molestiae sapiente sed cumque ipsa.', 3, '2018-04-09 06:59:23', '2018-04-09 06:59:23'),
(141, 4, 'Charlene Satterfield PhD', 'Molestias dolor necessitatibus nostrum voluptas architecto. Ipsum beatae et tenetur exercitationem vel iste aperiam. Tenetur alias natus aliquid est.', 0, '2018-04-09 06:59:23', '2018-04-09 06:59:23'),
(142, 24, 'Floy Pfannerstill', 'Aut recusandae veniam voluptatem aspernatur est et. Sunt voluptatem corporis molestias in aperiam quis facere quod. Dignissimos quo qui ipsum iure. Omnis totam voluptatum tenetur quaerat vel.', 4, '2018-04-09 06:59:23', '2018-04-09 06:59:23'),
(143, 12, 'Dr. Kira Schuppe', 'Et et ipsa non. Consequuntur occaecati amet id. Itaque est facilis molestiae quia officiis.', 4, '2018-04-09 06:59:23', '2018-04-09 06:59:23'),
(144, 39, 'Vicky Kihn Jr.', 'Perspiciatis rem voluptatem neque. Quae voluptas sit nesciunt quisquam.', 0, '2018-04-09 06:59:23', '2018-04-09 06:59:23'),
(145, 8, 'Mrs. Jada Jacobs', 'Sint dicta rem quaerat ut fuga maxime eveniet. Soluta ad sit quis beatae quia. Praesentium quod aspernatur voluptates possimus.', 5, '2018-04-09 06:59:23', '2018-04-09 06:59:23'),
(146, 3, 'Lauriane Rippin', 'Labore error iusto rerum enim aliquid rerum qui. Omnis optio in aliquam occaecati accusamus accusantium. Totam dolores exercitationem nihil placeat cumque suscipit. In a blanditiis aut dolorum omnis.', 5, '2018-04-09 06:59:23', '2018-04-09 06:59:23'),
(147, 14, 'Ashley Blanda', 'Neque perspiciatis porro odit et velit natus. Molestiae recusandae consectetur veniam aperiam est consectetur. Repudiandae quibusdam dolorem voluptas ut ipsa.', 5, '2018-04-09 06:59:23', '2018-04-09 06:59:23'),
(148, 16, 'Kasandra Hirthe', 'Odio sunt in maiores enim sint voluptates pariatur qui. Beatae autem et qui nemo fugit. Ullam quae aliquid vitae quisquam earum. Magni nemo ab dolorem at tenetur.', 2, '2018-04-09 06:59:23', '2018-04-09 06:59:23'),
(149, 10, 'Dagmar Kozey II', 'Error aut esse tempora quas quasi voluptatem nisi. Molestiae enim aut quo reprehenderit non saepe molestias. Dolore et repellat quod quia veritatis ut consequatur.', 4, '2018-04-09 06:59:23', '2018-04-09 06:59:23'),
(150, 18, 'Hobart Kuhic', 'Ex sint libero aliquid sit et. Placeat illo voluptatem nihil nemo. Repellat excepturi sunt rerum.', 5, '2018-04-09 06:59:23', '2018-04-09 06:59:23'),
(151, 7, 'Bruce Crona DDS', 'Enim vitae ut aperiam voluptatem maxime. Non excepturi et quos impedit deserunt.', 1, '2018-04-09 06:59:23', '2018-04-09 06:59:23'),
(152, 20, 'Lincoln O''Conner', 'Porro molestiae eum ea nihil. Illo molestiae ut nulla doloribus et delectus rerum. Perspiciatis eum consequuntur et. Reiciendis corrupti deleniti quisquam tenetur.', 2, '2018-04-09 06:59:23', '2018-04-09 06:59:23'),
(153, 41, 'Erica Sipes DDS', 'Nihil atque rerum alias ducimus laboriosam. Necessitatibus rem est vel quia corporis est vel rerum. Nulla aut exercitationem inventore sit.', 4, '2018-04-09 06:59:23', '2018-04-09 06:59:23'),
(154, 15, 'Federico Ziemann', 'Amet voluptatem quia quisquam ipsa quo enim laudantium magni. Quidem qui nostrum repellendus numquam. Repellat autem molestiae ipsum dolores. Est dignissimos natus eligendi et nostrum mollitia neque.', 3, '2018-04-09 06:59:23', '2018-04-09 06:59:23'),
(155, 49, 'Dr. Marian Rolfson II', 'Asperiores rerum consectetur quas ut eum omnis aliquam. Cumque dignissimos et sit modi. Enim deleniti vero sunt assumenda id dignissimos esse minima. Libero illum eveniet distinctio repellendus tempora minima. Suscipit officiis corrupti et ratione dolore laboriosam necessitatibus.', 4, '2018-04-09 06:59:23', '2018-04-09 06:59:23'),
(156, 33, 'Godfrey Cremin', 'Quas natus sed consequuntur praesentium. Non voluptatum in aut reprehenderit et qui eos. Vero voluptas et eaque. Dolor temporibus velit qui adipisci quia cum accusamus vel.', 4, '2018-04-09 06:59:23', '2018-04-09 06:59:23'),
(157, 7, 'Della Wehner', 'Dolorum assumenda molestiae dicta sit id reprehenderit nesciunt. Nobis voluptate sit occaecati consequatur dolor facere quis laborum. Unde qui saepe veniam dolores necessitatibus voluptatem.', 5, '2018-04-09 06:59:23', '2018-04-09 06:59:23'),
(158, 28, 'Darren Legros', 'Quis distinctio doloremque ut ratione ab qui rerum omnis. Nemo numquam dolores soluta illo atque non. Rem adipisci voluptatibus eum vero cum quidem. Velit in aut perferendis dolorem dolorum molestiae deleniti. Ut non non qui illo id dolore soluta.', 0, '2018-04-09 06:59:23', '2018-04-09 06:59:23'),
(159, 28, 'Mr. Joshuah Klocko Jr.', 'Explicabo sapiente velit illo sapiente quam dolorem tempora omnis. Qui ut assumenda dolores expedita ad dolorem. Est eius quia rem omnis quis ipsa inventore.', 4, '2018-04-09 06:59:23', '2018-04-09 06:59:23'),
(160, 5, 'Ms. Kelsie Gerhold', 'Assumenda aperiam omnis et modi nostrum non praesentium. Aut dolore voluptate possimus blanditiis cum. In vero eligendi rem exercitationem.', 4, '2018-04-09 06:59:23', '2018-04-09 06:59:23'),
(161, 16, 'Anais Lakin MD', 'Et vel ex qui eveniet et animi. Rem id similique nemo nisi. Maxime quisquam fugiat et dolorem eius ut voluptas.', 5, '2018-04-09 06:59:23', '2018-04-09 06:59:23'),
(162, 18, 'Dina Larkin I', 'Quod doloremque beatae asperiores quam eum consequatur. Est saepe saepe tempore fugiat aut quis natus. Sed ipsa sapiente dolorem dignissimos. Quisquam sit pariatur asperiores eos.', 0, '2018-04-09 06:59:23', '2018-04-09 06:59:23'),
(163, 13, 'Hayley Murazik DVM', 'Consequatur dolores quia deleniti soluta facilis. Earum reiciendis ex beatae tempore et labore voluptatem. Sequi culpa et ipsum fuga et veniam.', 2, '2018-04-09 06:59:23', '2018-04-09 06:59:23'),
(164, 5, 'Prof. Moses Buckridge', 'Voluptas rerum nostrum nihil doloremque repellat rerum. Qui perferendis omnis quia qui ratione. Cumque corporis ut in deleniti omnis a. Omnis doloribus qui laudantium modi autem quia.', 2, '2018-04-09 06:59:23', '2018-04-09 06:59:23'),
(165, 20, 'Prof. Demarcus Sporer DVM', 'Saepe sint fuga qui mollitia saepe quam. Ut corrupti sed repudiandae ut incidunt consequatur. Molestiae vitae omnis porro dolores saepe.', 2, '2018-04-09 06:59:23', '2018-04-09 06:59:23'),
(166, 10, 'Anika Dach', 'Quia esse asperiores doloribus quo dolorem deserunt similique. Modi hic cumque veniam esse. Pariatur et eveniet tempore nihil.', 3, '2018-04-09 06:59:23', '2018-04-09 06:59:23'),
(167, 50, 'Ms. Breanna Welch PhD', 'Ut delectus voluptatibus sunt eligendi magnam. Hic velit illo quae. Id consequuntur aspernatur modi sed. Ratione consequatur eos similique dolores.', 1, '2018-04-09 06:59:23', '2018-04-09 06:59:23'),
(168, 50, 'Aylin Bashirian', 'Rerum est sint non ipsa eaque. Unde sit provident aut enim. Nobis est vel incidunt suscipit delectus ipsa illo.', 5, '2018-04-09 06:59:23', '2018-04-09 06:59:23'),
(169, 46, 'Emmet Prosacco', 'Rem sit fugit id et voluptatibus. Ut delectus deleniti reprehenderit ducimus eos accusamus. Non vel dolorem maxime quis non qui est.', 3, '2018-04-09 06:59:23', '2018-04-09 06:59:23'),
(170, 17, 'Augusta Rath', 'Numquam voluptatem sunt qui qui nesciunt dolor ipsam. Ex ipsum maiores provident quam nam rerum. Ut fugiat blanditiis eum eius qui at. Qui deserunt fuga animi et.', 1, '2018-04-09 06:59:23', '2018-04-09 06:59:23'),
(171, 9, 'Mr. Ayden Cremin I', 'Voluptates quod nostrum magni illum. Et et repudiandae sint deserunt qui quod. Ea praesentium et perspiciatis rerum blanditiis laborum omnis.', 5, '2018-04-09 06:59:24', '2018-04-09 06:59:24'),
(172, 29, 'Bonita Marvin', 'Non itaque asperiores voluptatum repellendus sequi. Beatae minima inventore ut eligendi qui dolorem porro. Assumenda sunt iste id iste est sed iure animi.', 1, '2018-04-09 06:59:24', '2018-04-09 06:59:24'),
(173, 4, 'Manley Murazik', 'Autem odio nam sed. Voluptas beatae voluptate molestiae.', 4, '2018-04-09 06:59:24', '2018-04-09 06:59:24'),
(174, 2, 'Mr. Nasir Marks', 'Fugit esse rerum atque optio et eligendi. Modi rerum distinctio rem et est. Doloribus sed reprehenderit fuga magni aperiam. Voluptate doloribus omnis voluptas voluptatem quidem. Illum dolorem praesentium possimus et temporibus.', 4, '2018-04-09 06:59:24', '2018-04-09 06:59:24'),
(175, 36, 'Jovanny Aufderhar I', 'Dolore voluptatum et quam dolores molestias. Error ea dolor possimus excepturi. Vel voluptatibus et quia aut. Eaque voluptatum aut non est et.', 2, '2018-04-09 06:59:24', '2018-04-09 06:59:24'),
(176, 34, 'August Wuckert', 'Maiores quod voluptatem molestiae est quo et. Libero dolorem velit eius eum. Dolorem molestias quasi est aut a.', 2, '2018-04-09 06:59:24', '2018-04-09 06:59:24'),
(177, 1, 'Sophia Schultz', 'Ut a rerum accusantium eos. Eos mollitia adipisci quam. Autem ea fugiat blanditiis doloremque.', 1, '2018-04-09 06:59:24', '2018-04-09 06:59:24'),
(178, 12, 'Mae McCullough V', 'Eum ratione perferendis est iste. Aut exercitationem non quo sit tempora. Sit perferendis quia sed quia. Cumque libero nam aut.', 0, '2018-04-09 06:59:24', '2018-04-09 06:59:24'),
(179, 50, 'Miss Veda Smith II', 'Sed corrupti saepe possimus dolor reprehenderit et voluptates voluptas. Animi voluptatum non et maiores architecto.', 2, '2018-04-09 06:59:24', '2018-04-09 06:59:24'),
(180, 17, 'Mrs. Mazie Goodwin', 'Autem culpa hic quaerat officiis aut mollitia. Molestiae iusto sit eum non recusandae commodi reiciendis dolorem. Vel nulla ratione voluptates sapiente. Quisquam error voluptatem possimus aliquam culpa ea. Animi fuga omnis animi est.', 1, '2018-04-09 06:59:24', '2018-04-09 06:59:24'),
(181, 32, 'Ryder Koss', 'Alias aut et aliquid distinctio quibusdam. Qui ut ut beatae nihil ut in sit. Ut eaque eos dolor fugit magnam.', 1, '2018-04-09 06:59:24', '2018-04-09 06:59:24'),
(182, 19, 'Destany Luettgen', 'Molestiae nobis inventore et expedita dignissimos. Qui occaecati modi aut consequatur aut. Nam est numquam rerum sunt natus pariatur.', 4, '2018-04-09 06:59:24', '2018-04-09 06:59:24'),
(183, 37, 'Shirley Russel III', 'Temporibus cupiditate ut sint. Aliquid repudiandae corporis libero fugiat. Vel impedit voluptatem suscipit quo rerum iusto. Ullam consequatur mollitia voluptate.', 2, '2018-04-09 06:59:24', '2018-04-09 06:59:24'),
(184, 23, 'Odie Ratke III', 'Magnam quaerat at blanditiis voluptatibus qui. Porro labore iure ut. Corrupti ipsam ratione dolorum iste ut.', 0, '2018-04-09 06:59:24', '2018-04-09 06:59:24'),
(185, 12, 'Dr. Vivien Gutmann', 'Impedit sint odit veritatis sequi nihil delectus. Consequatur consequatur omnis odio aliquam est. Quae qui vel quibusdam quod sed explicabo occaecati. Ipsum aut ducimus voluptatem eligendi sit inventore quod voluptas.', 0, '2018-04-09 06:59:24', '2018-04-09 06:59:24'),
(186, 32, 'Emilio Gutmann', 'Illum eum sit provident deleniti est enim. Voluptas qui harum sed ab ut unde molestias sit. Illo saepe quidem qui atque quod ut.', 3, '2018-04-09 06:59:24', '2018-04-09 06:59:24'),
(187, 48, 'Rickie Leannon', 'Voluptatem aliquam quidem quos non. Esse eos nobis maxime at placeat fugit optio. Error laudantium quod natus ipsum ratione quis velit maxime.', 5, '2018-04-09 06:59:24', '2018-04-09 06:59:24'),
(188, 4, 'Stacy Rolfson', 'Porro id voluptatem sed culpa asperiores qui eligendi quia. Corporis iste corporis quam est ducimus voluptatem occaecati. At est ut facere beatae at. Dolore unde officia dicta voluptas.', 3, '2018-04-09 06:59:24', '2018-04-09 06:59:24'),
(189, 38, 'Mrs. Zelda Beatty', 'Neque sunt sed quibusdam possimus. Qui neque velit dolorum. Qui qui dolores dolor dignissimos eos.', 3, '2018-04-09 06:59:24', '2018-04-09 06:59:24'),
(190, 48, 'Mr. Vicente Lynch MD', 'Cumque occaecati nostrum repellendus molestiae molestias adipisci et consequatur. Sunt necessitatibus aliquid nostrum cupiditate repellendus voluptatem quidem quia. Eveniet itaque quo magni minima illum tempore. Veritatis dolore repudiandae minima nesciunt maxime.', 4, '2018-04-09 06:59:24', '2018-04-09 06:59:24'),
(191, 4, 'Deshawn Brekke', 'Qui assumenda deserunt assumenda odit voluptatem amet eius. Eveniet porro non sit voluptatum earum numquam. Quis doloremque ut eos. Distinctio omnis consequuntur et sed illum molestias suscipit.', 4, '2018-04-09 06:59:24', '2018-04-09 06:59:24'),
(192, 43, 'Corine Ruecker', 'Possimus porro sed iure quia sed. Possimus quaerat quae recusandae magnam debitis minus. Tempora praesentium saepe repellendus nemo omnis debitis aut. Non numquam tempora aliquid ipsam ratione vel occaecati. Aut aspernatur non dolore.', 3, '2018-04-09 06:59:24', '2018-04-09 06:59:24'),
(193, 47, 'Prof. Ronaldo Dietrich Sr.', 'Distinctio consequatur ex quo quibusdam. Earum consequatur enim iure quo. Sit praesentium laborum doloremque unde delectus. Voluptas itaque distinctio expedita qui vel iusto temporibus.', 1, '2018-04-09 06:59:24', '2018-04-09 06:59:24'),
(194, 21, 'Dr. Carolyne West', 'Ex consequatur veritatis libero. Veniam sit est illo commodi voluptatum. Commodi consequatur ullam voluptatum omnis occaecati.', 3, '2018-04-09 06:59:24', '2018-04-09 06:59:24'),
(195, 9, 'Thora Dickens', 'Quaerat aut qui doloremque hic. Aut et blanditiis earum delectus corrupti nihil iusto nostrum. In omnis aliquam eligendi provident. Cum accusamus unde non quo aliquid minus corrupti nihil.', 1, '2018-04-09 06:59:24', '2018-04-09 06:59:24'),
(196, 17, 'Dr. Amaya Koss MD', 'Atque voluptatum recusandae saepe. Sit modi et aut officia. Rerum enim eius qui quidem. In voluptas deleniti ipsa in. Ut ad aliquid et saepe doloribus.', 1, '2018-04-09 06:59:24', '2018-04-09 06:59:24'),
(197, 48, 'Miss Lucienne Kuvalis DDS', 'Nisi minima est pariatur sit illo. Eum dicta repellat at a ratione delectus ex. Eveniet dolores enim tempora eius.', 5, '2018-04-09 06:59:24', '2018-04-09 06:59:24'),
(198, 11, 'Cedrick Haley', 'Harum quasi distinctio deserunt et quia ut cupiditate. Minus rerum nulla id qui assumenda praesentium quis. Laudantium aperiam sunt molestiae vel et earum ipsam.', 0, '2018-04-09 06:59:24', '2018-04-09 06:59:24'),
(199, 35, 'Cleora Murray', 'Aspernatur at asperiores eius eligendi et assumenda. Praesentium recusandae sit aspernatur accusantium esse nesciunt doloremque autem. Rerum saepe voluptas aut temporibus rerum.', 5, '2018-04-09 06:59:24', '2018-04-09 06:59:24'),
(200, 47, 'Orrin Breitenberg', 'Sit est dolore quo est quo. Beatae et ut qui eum aut aut. Vitae distinctio ad unde aut atque voluptatem sit. Recusandae in tempora laudantium sit eveniet quia ea eos.', 1, '2018-04-09 06:59:24', '2018-04-09 06:59:24'),
(201, 42, 'Hailey Schaefer', 'Cupiditate laboriosam numquam rem commodi inventore alias. Consequatur est laboriosam consequatur aliquam molestiae sint. Doloremque totam distinctio aut accusamus expedita. Explicabo deleniti aliquid alias occaecati exercitationem. Quo tempora vitae nobis iure itaque.', 5, '2018-04-09 06:59:24', '2018-04-09 06:59:24'),
(202, 12, 'Mrs. Ona Luettgen', 'Doloremque unde libero et. Eos magnam nam asperiores sunt repellendus ea error aspernatur. Cupiditate qui reiciendis exercitationem qui voluptatem. Voluptatum dolorem inventore qui est beatae libero placeat.', 2, '2018-04-09 06:59:24', '2018-04-09 06:59:24'),
(203, 30, 'Mary Von', 'Nisi sunt aut corporis quibusdam illo praesentium iusto. Sint quas temporibus voluptas maiores. Unde qui atque doloremque ratione aperiam sapiente.', 4, '2018-04-09 06:59:24', '2018-04-09 06:59:24'),
(204, 41, 'Carissa Mayer', 'Architecto distinctio ratione adipisci voluptates qui blanditiis excepturi. Consectetur dolor ut sit in amet aut suscipit. Veniam maiores quibusdam sint est quasi. Architecto temporibus fugiat qui.', 4, '2018-04-09 06:59:24', '2018-04-09 06:59:24'),
(205, 13, 'Prof. Maureen Wisoky', 'Illo repudiandae voluptas quo quis sed voluptatum. In hic reprehenderit quia molestias labore. Natus animi mollitia laborum tempore omnis consequatur non. Illo ut sit esse possimus.', 3, '2018-04-09 06:59:24', '2018-04-09 06:59:24'),
(206, 39, 'Dr. Terence Satterfield', 'Accusamus officiis reprehenderit ratione enim magnam. Vero maiores qui iste illum occaecati perferendis vel. Nihil repellendus sapiente tenetur voluptatibus. Aut voluptas maxime ut dolor.', 1, '2018-04-09 06:59:24', '2018-04-09 06:59:24'),
(207, 35, 'Leo Weimann', 'Error sed laudantium omnis sint accusantium ut quam. Cum sapiente quaerat veritatis nemo similique illo. Nostrum architecto vitae id accusantium asperiores et. Magni eos quibusdam aut veniam est officia cupiditate.', 1, '2018-04-09 06:59:24', '2018-04-09 06:59:24');
INSERT INTO `reviews` (`id`, `product_id`, `customer`, `review`, `star`, `created_at`, `updated_at`) VALUES
(208, 17, 'Henderson VonRueden', 'Ex aut nulla est sint. Voluptatibus est eos debitis vel earum nisi. Et ipsa ipsum amet earum commodi autem. Voluptatibus corrupti error tenetur. Non explicabo ea ducimus voluptatem.', 0, '2018-04-09 06:59:24', '2018-04-09 06:59:24'),
(209, 40, 'Ms. Yesenia Fadel', 'Molestiae officiis esse sapiente consequatur necessitatibus. Tempore minus inventore assumenda cum et sed. A ea eum sit dolore sint.', 4, '2018-04-09 06:59:25', '2018-04-09 06:59:25'),
(210, 49, 'Brando Kris', 'Debitis enim quo officia iusto cupiditate natus possimus. Ut nisi quia pariatur dolore corporis magni. Repellendus iusto voluptas amet pariatur dolores est odio fugit. Vel praesentium adipisci suscipit.', 1, '2018-04-09 06:59:25', '2018-04-09 06:59:25'),
(211, 25, 'Prof. Lillian Leannon', 'Aliquam dolor exercitationem quasi eaque architecto exercitationem ratione. Ut deserunt excepturi unde praesentium nesciunt similique magni. Quibusdam similique ipsam voluptas et iste asperiores aut. Eligendi ut vero a quia.', 3, '2018-04-09 06:59:25', '2018-04-09 06:59:25'),
(212, 36, 'Cheyanne Strosin', 'Quidem laboriosam et eveniet et id minima perspiciatis sapiente. Repellat facere et in esse nesciunt sunt dignissimos in. Et fugit rem debitis quaerat enim id ad. Optio fuga reiciendis porro laboriosam et accusantium aliquam.', 2, '2018-04-09 06:59:25', '2018-04-09 06:59:25'),
(213, 42, 'Emery Kirlin', 'Sint qui et ut tempore. Et tenetur et velit ut enim numquam. Repellat dicta tempore est excepturi. Temporibus incidunt et tempore et ipsum deserunt.', 2, '2018-04-09 06:59:25', '2018-04-09 06:59:25'),
(214, 14, 'Hazle Hudson', 'Sit hic hic qui et debitis iusto. Quasi dolores exercitationem esse. Non facilis possimus dignissimos praesentium dicta. Labore repellat quas eius vitae voluptatibus qui voluptatibus. Id sint harum expedita totam expedita beatae atque.', 0, '2018-04-09 06:59:25', '2018-04-09 06:59:25'),
(215, 36, 'Clemens Miller', 'Consequatur et impedit laudantium consequatur omnis. Doloremque natus laborum repudiandae magni commodi debitis non. Ea occaecati amet ut rerum quam consequatur sed quis.', 3, '2018-04-09 06:59:25', '2018-04-09 06:59:25'),
(216, 21, 'Samara Murray', 'Officia aut qui voluptates voluptatum ab fuga non. Eum mollitia eius atque. Ipsum quis debitis dolor cumque asperiores non iusto. Nemo voluptatibus autem doloremque. Necessitatibus non reiciendis consequatur illo error porro est eaque.', 0, '2018-04-09 06:59:25', '2018-04-09 06:59:25'),
(217, 21, 'Lorenz Swaniawski', 'Aperiam iusto alias aspernatur deleniti iure nobis cupiditate. Quam perspiciatis hic necessitatibus similique voluptate qui. Ut delectus eos at quo.', 5, '2018-04-09 06:59:25', '2018-04-09 06:59:25'),
(218, 48, 'Lina Batz', 'Cumque doloribus exercitationem vero ea. Sint nesciunt consequatur et itaque dolores repudiandae quam sequi. Ipsum dolor dolor impedit aut provident quisquam labore. Vero autem non ut quidem maiores.', 2, '2018-04-09 06:59:25', '2018-04-09 06:59:25'),
(219, 38, 'Andreane Crooks', 'Tempore sit et at suscipit repellendus voluptas facere. Quia ratione veniam voluptate accusamus perspiciatis nihil. Expedita eaque eaque modi optio.', 0, '2018-04-09 06:59:25', '2018-04-09 06:59:25'),
(220, 36, 'William Carter', 'Perferendis voluptate id voluptatem nisi facilis adipisci qui cumque. Culpa aut enim sed temporibus sed. Distinctio dolores nihil tempora voluptatem esse natus. Velit quas in eaque hic modi consequatur rerum.', 5, '2018-04-09 06:59:25', '2018-04-09 06:59:25'),
(221, 20, 'Mya Schulist', 'Placeat vitae earum ut vero earum. Voluptatibus eum nihil blanditiis rerum suscipit inventore. Commodi eos est ut pariatur.', 2, '2018-04-09 06:59:25', '2018-04-09 06:59:25'),
(222, 35, 'Carol Kling', 'Pariatur dolorum laborum recusandae officia quia debitis sint itaque. Repudiandae id repellat sint facilis iusto earum qui. Quia dignissimos suscipit modi ab suscipit corporis iusto. Eum ducimus in aut.', 4, '2018-04-09 06:59:25', '2018-04-09 06:59:25'),
(223, 46, 'Mrs. Mariana Quigley IV', 'Et et expedita necessitatibus et mollitia animi. Et in officiis iste accusamus. Architecto similique cupiditate sit adipisci neque quia id.', 4, '2018-04-09 06:59:25', '2018-04-09 06:59:25'),
(224, 39, 'Curtis Balistreri', 'Voluptatem id ut et et. Odit vero repellendus reiciendis excepturi. Debitis quasi amet sequi.', 4, '2018-04-09 06:59:25', '2018-04-09 06:59:25'),
(225, 30, 'Lorenzo Abshire', 'Quas neque unde earum. Explicabo omnis in nostrum itaque sed. Rem quia nemo ea dolorum quae sed ex. Non necessitatibus et quis illum voluptatibus sapiente quibusdam.', 4, '2018-04-09 06:59:25', '2018-04-09 06:59:25'),
(226, 31, 'Dr. Howard Gusikowski', 'Est illo iste illum non non iusto et. Omnis est quisquam aut quidem cum non iste iure. Sequi quam cumque reprehenderit autem.', 2, '2018-04-09 06:59:25', '2018-04-09 06:59:25'),
(227, 22, 'Jackie Pacocha', 'Est officia id vel cumque repellat. Vitae aut nesciunt voluptatum vero ut esse accusamus. Velit rerum error modi nostrum.', 0, '2018-04-09 06:59:25', '2018-04-09 06:59:25'),
(228, 28, 'Aylin Bins', 'Et voluptatem autem dolores dolorem cum. Nisi quis neque ipsa rerum ea. Porro dicta molestiae aperiam rerum facere aliquid.', 4, '2018-04-09 06:59:25', '2018-04-09 06:59:25'),
(229, 21, 'Telly Borer DDS', 'Veniam rerum illum cupiditate sed aspernatur nam magnam. Aspernatur officia repellendus praesentium debitis possimus. Aliquid et officia laborum rerum.', 1, '2018-04-09 06:59:25', '2018-04-09 06:59:25'),
(230, 17, 'Mr. Adam Rau', 'Laboriosam quidem ut blanditiis in voluptas accusamus enim. Atque mollitia et qui deleniti. Corporis fuga necessitatibus rem maiores.', 1, '2018-04-09 06:59:25', '2018-04-09 06:59:25'),
(231, 41, 'Napoleon Funk Sr.', 'Consequatur qui quam perferendis hic cupiditate magnam. Consequatur sed aut repellendus soluta. Totam in at at in nulla.', 2, '2018-04-09 06:59:25', '2018-04-09 06:59:25'),
(232, 24, 'Ms. Leslie Ziemann', 'In unde ullam libero sint temporibus occaecati. Est ea soluta est et provident quae. Maiores reprehenderit id reiciendis culpa modi.', 5, '2018-04-09 06:59:25', '2018-04-09 06:59:25'),
(233, 36, 'Mia Rempel', 'Corporis ea quo dignissimos consequuntur maxime dolores. Labore illum aut voluptatem rerum fugiat repellendus. Voluptatem et vero et. Itaque reiciendis autem sunt cupiditate ut soluta perspiciatis.', 2, '2018-04-09 06:59:25', '2018-04-09 06:59:25'),
(234, 19, 'Jaqueline Gaylord', 'Sed odio quod non nesciunt eos. Officiis est cumque deserunt possimus fugiat impedit deleniti. Sed esse iste qui in eos quod. Repellendus et nesciunt nesciunt deleniti maxime. Pariatur cumque placeat corrupti autem.', 4, '2018-04-09 06:59:25', '2018-04-09 06:59:25'),
(235, 28, 'Zaria Wehner', 'Debitis nobis consequatur in omnis. Et assumenda numquam sit voluptas dolores similique aut asperiores. Officia dolorem quis vitae qui omnis suscipit. Eos accusamus animi iure blanditiis aut praesentium necessitatibus. Molestiae atque maiores natus ut.', 1, '2018-04-09 06:59:25', '2018-04-09 06:59:25'),
(236, 40, 'Dr. Daphney Stehr', 'Cum recusandae voluptas ut error ut. Accusantium libero provident non eius rem sint. Sint voluptate velit vitae magnam facere.', 3, '2018-04-09 06:59:25', '2018-04-09 06:59:25'),
(237, 23, 'Jaydon Zboncak DVM', 'Et laudantium sed et totam in vitae nostrum. Eos sunt illo ratione rerum iure voluptate. Consectetur consequuntur magnam quod corrupti.', 1, '2018-04-09 06:59:25', '2018-04-09 06:59:25'),
(238, 34, 'Prof. Lavina Deckow', 'Alias aliquam et aperiam et repudiandae voluptas dolore. Aut voluptas cupiditate amet et vel et aliquid. Velit pariatur nam corrupti facere. Aut similique accusamus voluptas qui laudantium ut.', 5, '2018-04-09 06:59:25', '2018-04-09 06:59:25'),
(239, 50, 'Dr. Bernard Conroy', 'Illo earum eligendi quod eveniet. Omnis ab culpa illum rerum. Inventore mollitia ut et modi necessitatibus illo.', 0, '2018-04-09 06:59:25', '2018-04-09 06:59:25'),
(240, 46, 'Mrs. Kali Johnson', 'Et qui consequatur dolor cumque harum est. Aliquam repellendus tempora et itaque vitae vero. Impedit eum voluptatem sed assumenda nesciunt maiores.', 3, '2018-04-09 06:59:25', '2018-04-09 06:59:25'),
(241, 27, 'Ashly Heathcote', 'Non est voluptatibus quidem a atque. A fugit error vero vel quis nulla animi. Deserunt adipisci natus beatae voluptatem.', 2, '2018-04-09 06:59:25', '2018-04-09 06:59:25'),
(242, 49, 'Tom Klein', 'Deserunt quia aliquid ratione at numquam numquam id enim. Accusantium ratione pariatur incidunt. Dolores hic qui aspernatur corrupti quasi occaecati. Non voluptas qui et eligendi. Rem sit et nihil.', 5, '2018-04-09 06:59:25', '2018-04-09 06:59:25'),
(243, 12, 'Steve Grady', 'Numquam est animi consequatur minima officia exercitationem occaecati. Ipsam aperiam omnis velit iste. Reprehenderit eligendi molestias qui maiores laboriosam qui quidem quos. Totam rerum hic possimus earum iste.', 0, '2018-04-09 06:59:25', '2018-04-09 06:59:25'),
(244, 24, 'Prof. Fidel Reichel', 'Repellendus iste voluptas aut earum nihil. Non omnis vitae dolor doloremque quia. Fugit est sed est voluptatum. Occaecati ut sunt ipsum cum rerum.', 2, '2018-04-09 06:59:25', '2018-04-09 06:59:25'),
(245, 31, 'Michelle Ullrich', 'Repellat dolor numquam placeat asperiores necessitatibus fugit rerum nihil. Fuga accusamus cumque perferendis ad voluptas eaque enim. Autem mollitia doloremque et cupiditate animi. Et est dolorem reprehenderit atque atque ut numquam fugiat.', 5, '2018-04-09 06:59:25', '2018-04-09 06:59:25'),
(246, 19, 'Dr. Haley Kuhlman', 'Culpa sit laboriosam enim omnis. Et eligendi quia quia. Natus maiores voluptatem dolorum odit ut.', 2, '2018-04-09 06:59:25', '2018-04-09 06:59:25'),
(247, 33, 'Kaden Funk DDS', 'Tempora eos explicabo autem esse in. Est id reprehenderit quo quaerat expedita. Esse a consequuntur fuga fugit. Magnam architecto natus provident rerum eaque id suscipit non.', 5, '2018-04-09 06:59:25', '2018-04-09 06:59:25'),
(248, 39, 'Prof. Irma Cruickshank IV', 'Reprehenderit unde necessitatibus provident porro quo. Dolore iusto expedita hic aut quaerat voluptatem. Sed vitae vel quis eligendi sapiente fugit officiis natus.', 3, '2018-04-09 06:59:26', '2018-04-09 06:59:26'),
(249, 25, 'Prof. Malcolm Marquardt', 'Sed blanditiis earum eius. Neque quia blanditiis in quia eius aut pariatur dolorem. Voluptate est consequatur nisi et animi rerum. Nulla quod consequatur consequatur maiores fugiat corporis.', 3, '2018-04-09 06:59:26', '2018-04-09 06:59:26'),
(250, 20, 'Jonathon Rolfson', 'Blanditiis eum non enim autem corrupti ipsam quos eveniet. Ab ut officiis delectus a repudiandae reprehenderit dolorem autem. Voluptas eum dolor ut dolores inventore.', 5, '2018-04-09 06:59:26', '2018-04-09 06:59:26'),
(251, 14, 'Pinkie Nicolas', 'Fuga consequuntur dolor inventore adipisci voluptas omnis. Aut qui beatae consequatur mollitia autem est. Ipsum est rerum et laudantium eveniet.', 2, '2018-04-09 06:59:26', '2018-04-09 06:59:26'),
(252, 28, 'Nelda Padberg', 'Necessitatibus recusandae laborum nihil neque autem autem. Quaerat repellendus aperiam illo ipsam voluptas. Veritatis consequatur fuga vel et qui illum numquam aliquid. Minima quasi quod accusamus.', 1, '2018-04-09 06:59:26', '2018-04-09 06:59:26'),
(253, 26, 'Prof. Jefferey Batz', 'Neque nobis eaque unde reiciendis qui. Nemo ipsa laboriosam consequuntur consectetur. Est voluptas exercitationem praesentium ullam aspernatur. Sit maxime praesentium beatae maiores consequatur architecto delectus.', 1, '2018-04-09 06:59:26', '2018-04-09 06:59:26'),
(254, 43, 'Dr. Tyra Wiza', 'Doloremque ea velit soluta iusto repellat placeat similique magnam. Quibusdam non totam cupiditate qui ipsam dolorem. Et quos quae asperiores aut minus suscipit nihil.', 1, '2018-04-09 06:59:26', '2018-04-09 06:59:26'),
(255, 32, 'Mireille Goldner', 'Laboriosam ea molestiae veritatis ut repudiandae et aut iure. Qui quia pariatur aut rerum deserunt expedita consequatur. Voluptatem ducimus minus quia voluptas. Velit tempora assumenda asperiores hic.', 3, '2018-04-09 06:59:26', '2018-04-09 06:59:26'),
(256, 29, 'Mrs. Nikki Kling', 'Repudiandae consequuntur tempore in aliquam dignissimos. Quaerat quaerat tempore est voluptatum. Perferendis dolorum quia aliquid iusto nisi.', 3, '2018-04-09 06:59:26', '2018-04-09 06:59:26'),
(257, 16, 'May Romaguera', 'Ratione eos incidunt et corrupti in quo assumenda aut. Necessitatibus laboriosam sit sequi cum quod dolore. Quisquam in recusandae molestiae officiis dolorem perspiciatis voluptates. Harum consectetur quis tenetur aut unde quaerat excepturi.', 0, '2018-04-09 06:59:26', '2018-04-09 06:59:26'),
(258, 11, 'Dr. Hermann Mann II', 'Totam iusto porro molestiae in excepturi. Excepturi veritatis provident nam. Quia maxime molestiae tempore et fugiat. Dignissimos magni dolore ullam et.', 1, '2018-04-09 06:59:26', '2018-04-09 06:59:26'),
(259, 1, 'Una Jones', 'Quo est est nemo et alias voluptatem voluptas. Quasi incidunt earum quia voluptatum ex necessitatibus est. Minus laudantium ut eaque voluptatem esse fugiat explicabo. Sed dolorum deleniti numquam.', 1, '2018-04-09 06:59:26', '2018-04-09 06:59:26'),
(260, 23, 'Gladys Cremin', 'Rerum hic vero earum in enim nihil. Aut eos tempora qui explicabo velit.', 3, '2018-04-09 06:59:26', '2018-04-09 06:59:26'),
(261, 10, 'Ms. Matilda Harber', 'Eum minima occaecati maiores ipsa modi blanditiis totam ducimus. Sequi non voluptate qui nemo et amet sunt unde. Voluptatum esse qui sit. Saepe ea et ipsa adipisci inventore sint officiis sed.', 5, '2018-04-09 06:59:26', '2018-04-09 06:59:26'),
(262, 40, 'Junius Fadel', 'Consequatur tempore pariatur molestiae accusantium. Enim amet voluptatem labore culpa ea doloribus. Modi quaerat error magni est veritatis.', 0, '2018-04-09 06:59:26', '2018-04-09 06:59:26'),
(263, 6, 'Elfrieda Kautzer IV', 'Magni ut ut incidunt esse deserunt. Quia blanditiis distinctio quos accusamus. Cum repudiandae voluptas dicta veniam fugiat quia rem reprehenderit. Exercitationem necessitatibus tempora praesentium deleniti amet deleniti eum.', 4, '2018-04-09 06:59:26', '2018-04-09 06:59:26'),
(264, 39, 'Paxton Huel', 'Aliquid possimus sunt sunt quasi. Maxime vitae qui et.', 2, '2018-04-09 06:59:26', '2018-04-09 06:59:26'),
(265, 16, 'Prof. Reta Lubowitz', 'Voluptatum ut hic omnis consectetur molestias. Quod accusantium dignissimos facere ut. Veritatis molestiae mollitia nam pariatur corporis ratione. Recusandae porro eos numquam doloribus voluptatem quisquam ipsam.', 1, '2018-04-09 06:59:26', '2018-04-09 06:59:26'),
(266, 35, 'Carole Lynch', 'Et distinctio beatae ratione dolorem fugit dolores. Dolorum magni non deleniti adipisci. Ipsa enim non aut in eveniet et. Velit repellendus alias enim quis ipsum rem.', 2, '2018-04-09 06:59:26', '2018-04-09 06:59:26'),
(267, 15, 'Miss Ciara Adams', 'Explicabo enim adipisci ipsum quaerat est earum. Et provident eius veritatis aut aut repudiandae. Aut esse quia tempore expedita labore animi qui.', 4, '2018-04-09 06:59:26', '2018-04-09 06:59:26'),
(268, 4, 'Cristal Runte PhD', 'Consequuntur fugiat aut voluptatem sit pariatur. Nesciunt omnis quod qui aut et aut. Aliquid illo nobis odit ex iste. Cum aut explicabo commodi accusantium corrupti sed.', 5, '2018-04-09 06:59:26', '2018-04-09 06:59:26'),
(269, 12, 'Rigoberto Spinka', 'Non distinctio reiciendis reprehenderit odit quasi repudiandae est quasi. Qui temporibus consequatur officiis dolor quibusdam. Non aut natus aut explicabo. Atque aliquid dolorem accusantium in quos ut rerum. Alias sed incidunt necessitatibus.', 2, '2018-04-09 06:59:26', '2018-04-09 06:59:26'),
(270, 11, 'Granville Kovacek', 'Ullam et doloribus sint. Impedit similique accusantium omnis dolores sed tenetur vero odio. Et animi fugit mollitia repellat dolor.', 1, '2018-04-09 06:59:26', '2018-04-09 06:59:26'),
(271, 33, 'Mr. Elliot McKenzie Sr.', 'Nesciunt est amet sapiente necessitatibus praesentium et earum. Nihil rerum sit nihil rerum fuga. Id autem soluta ipsum eligendi sapiente.', 3, '2018-04-09 06:59:26', '2018-04-09 06:59:26'),
(272, 20, 'Eusebio Schneider', 'Aut ipsum porro beatae autem aut dolores. Dolorem ut debitis qui debitis nemo. Expedita voluptatem magni aut at.', 0, '2018-04-09 06:59:26', '2018-04-09 06:59:26'),
(273, 39, 'Arvid Heaney', 'Quia rem sint corporis quasi qui hic ipsum. Impedit non voluptate voluptatem quia libero dolorem esse atque. Omnis ullam minus sed.', 2, '2018-04-09 06:59:26', '2018-04-09 06:59:26'),
(274, 43, 'Arely Schulist', 'Excepturi sunt culpa a voluptas architecto ullam est. Facilis sit voluptatum deleniti voluptas. Et iste consequatur architecto nisi.', 4, '2018-04-09 06:59:26', '2018-04-09 06:59:26'),
(275, 44, 'Shirley Padberg', 'Temporibus enim vel vero omnis blanditiis sed. Pariatur quia et nobis qui. Recusandae provident veritatis et vero sint ipsum et.', 0, '2018-04-09 06:59:26', '2018-04-09 06:59:26'),
(276, 39, 'Prof. Mittie Stoltenberg', 'Consectetur provident repudiandae autem vitae. Totam deleniti minima harum qui a ipsa nam. Repudiandae nihil voluptatum exercitationem ea eius aspernatur. Adipisci corporis consequatur dolor ea sit numquam. Animi odit consequatur iste saepe et quibusdam.', 3, '2018-04-09 06:59:26', '2018-04-09 06:59:26'),
(277, 22, 'Dennis Huels', 'Et in animi fuga unde qui illum qui aspernatur. Qui sint nam ipsa soluta esse dicta ex. Omnis ut itaque maiores iusto expedita. Deserunt est exercitationem mollitia et tempora voluptatem quisquam.', 2, '2018-04-09 06:59:26', '2018-04-09 06:59:26'),
(278, 15, 'Name Harber', 'Vero et accusamus exercitationem totam quis. Temporibus nobis rerum et et ab. Libero non perspiciatis nesciunt sed laudantium consequatur a. Ad ipsa occaecati corrupti magnam ea quo doloribus.', 1, '2018-04-09 06:59:26', '2018-04-09 06:59:26'),
(279, 30, 'Mrs. Brionna Collins', 'Mollitia consequatur et natus ea similique. Non dicta quis provident nostrum corporis error dolores rerum. Nihil voluptates libero corporis dolor commodi sit.', 3, '2018-04-09 06:59:26', '2018-04-09 06:59:26'),
(280, 24, 'Mrs. Bernadette Olson V', 'Cumque odit omnis est qui est beatae. Quo fugiat suscipit et quas sint inventore praesentium. Assumenda qui recusandae dolor nam quo. Quisquam ut et voluptas molestiae.', 3, '2018-04-09 06:59:26', '2018-04-09 06:59:26'),
(281, 2, 'Mrs. Stephania Larson Jr.', 'Ad animi totam officiis hic qui ea voluptatem culpa. Aliquam debitis rerum et et aliquid mollitia veritatis. Nihil qui corrupti velit vel sint.', 3, '2018-04-09 06:59:26', '2018-04-09 06:59:26'),
(282, 3, 'Micheal Rosenbaum', 'Repellendus ea corporis maxime magnam nostrum. Debitis quas est et ipsam. Voluptas sit aut qui non a beatae dolores. Voluptatum error ipsam odio error illo fuga ipsum.', 1, '2018-04-09 06:59:26', '2018-04-09 06:59:26'),
(283, 8, 'Judson Hansen', 'Amet tempora eveniet dicta reiciendis eaque et. Quae aperiam in repellat. Cum explicabo at qui in velit.', 0, '2018-04-09 06:59:26', '2018-04-09 06:59:26'),
(284, 1, 'Lenora Brakus', 'Et aperiam suscipit mollitia. Ex dolorum et dolorem voluptatem culpa et dicta tempora. Quia nam dolores est possimus.', 3, '2018-04-09 06:59:26', '2018-04-09 06:59:26'),
(285, 23, 'Cyril Bailey PhD', 'Quas accusantium rerum itaque quos sapiente. Deserunt saepe vitae rerum excepturi doloribus. Non saepe dolor alias tempore.', 2, '2018-04-09 06:59:26', '2018-04-09 06:59:26'),
(286, 23, 'Wilmer Daugherty V', 'Dolorem delectus et dolores aliquam tempora enim alias. Aut doloremque inventore laboriosam illum est sint rem voluptatem. Eum voluptas magnam maiores quia qui tempora. Aliquid qui rerum et accusantium provident ut sunt excepturi.', 1, '2018-04-09 06:59:26', '2018-04-09 06:59:26'),
(287, 1, 'Alan Cruickshank', 'Minima accusamus debitis sunt doloribus consectetur. Commodi sint illo dolorum. Voluptatem explicabo fugit modi libero ut.', 3, '2018-04-09 06:59:27', '2018-04-09 06:59:27'),
(288, 16, 'Ron Will Sr.', 'Cumque odit sunt id vitae cum libero. Alias mollitia praesentium placeat quasi porro commodi. Iure nam corrupti qui amet nobis.', 2, '2018-04-09 06:59:27', '2018-04-09 06:59:27'),
(289, 22, 'Jordyn Bogan', 'Rerum sit omnis pariatur nulla sunt placeat consectetur pariatur. Debitis odio atque laborum accusantium repudiandae dolores. Dicta amet nihil sed ut iste. At doloremque cumque nisi dolorum tenetur. Rem incidunt sunt illum.', 5, '2018-04-09 06:59:27', '2018-04-09 06:59:27'),
(290, 2, 'Drake Hintz', 'Eos eum quis qui soluta in. Consequatur a officia molestiae labore qui. Inventore dolore laborum molestiae accusamus autem.', 0, '2018-04-09 06:59:27', '2018-04-09 06:59:27'),
(291, 14, 'Icie Emmerich', 'Voluptas porro dolores velit voluptas cum et. Exercitationem est beatae perspiciatis et rem fugit modi. Officia mollitia eius commodi consequatur odit.', 3, '2018-04-09 06:59:27', '2018-04-09 06:59:27'),
(292, 15, 'Madilyn Hartmann', 'Rem et aut sequi omnis. Exercitationem sunt sunt deserunt voluptas. Quos itaque dolorem quaerat laborum est neque vel.', 0, '2018-04-09 06:59:27', '2018-04-09 06:59:27'),
(293, 23, 'Lauretta Stracke V', 'Veritatis consequatur ad quas eum ea ut facilis soluta. Facilis doloremque sint aut consectetur. Laborum et corporis doloremque est est non. Nostrum soluta earum maxime sit totam et natus. Exercitationem fugit non quia nobis ut.', 3, '2018-04-09 06:59:27', '2018-04-09 06:59:27'),
(294, 24, 'Keenan Bashirian', 'Aut nostrum dolorum consequatur aut. Ullam nulla delectus voluptas voluptate eos accusamus. Illo est nihil voluptate dolorum odit cum earum quaerat. Doloribus debitis quo consequatur eaque voluptatem ut placeat.', 4, '2018-04-09 06:59:27', '2018-04-09 06:59:27'),
(295, 5, 'Jesus Kemmer', 'Quia quis modi et dolorem fugiat. Excepturi aliquid est non at sint officia. Vel adipisci quis id facere dignissimos. Incidunt voluptate enim aliquid dolorem sunt.', 5, '2018-04-09 06:59:27', '2018-04-09 06:59:27'),
(296, 22, 'Kraig Heller', 'Sit numquam aut quisquam qui. Voluptas voluptatibus delectus sequi atque sit. Sed ipsa et incidunt nam sit dolores.', 3, '2018-04-09 06:59:27', '2018-04-09 06:59:27'),
(297, 3, 'Kyra Dickinson', 'Consectetur sint rerum necessitatibus at. Voluptate tempore eius qui autem ut. Corrupti in maiores est sunt modi vel ut. Ut tenetur dolore at. Eligendi quas atque quo et laboriosam praesentium dolor molestias.', 2, '2018-04-09 06:59:27', '2018-04-09 06:59:27'),
(298, 43, 'Isaiah Douglas', 'Qui harum labore aut. Sit qui eum et. Ut autem rerum qui. Quos reprehenderit at cumque quisquam dolorem.', 2, '2018-04-09 06:59:27', '2018-04-09 06:59:27'),
(299, 1, 'Angelina Breitenberg', 'Molestiae ut rerum qui pariatur est est at. Qui voluptatem aut et earum. Dolore ut reprehenderit officia.', 2, '2018-04-09 06:59:27', '2018-04-09 06:59:27'),
(300, 15, 'Prof. Jennie Pfannerstill V', 'Inventore molestiae aut illum est quaerat praesentium minima. Itaque recusandae id est quia at maxime. Saepe explicabo tempore provident sed delectus tempora.', 2, '2018-04-09 06:59:27', '2018-04-09 06:59:27');

-- --------------------------------------------------------

--
-- Table structure for table `users`
--

CREATE TABLE IF NOT EXISTS `users` (
  `id` int(10) unsigned NOT NULL AUTO_INCREMENT,
  `name` varchar(191) COLLATE utf8mb4_unicode_ci NOT NULL,
  `email` varchar(191) COLLATE utf8mb4_unicode_ci NOT NULL,
  `password` varchar(191) COLLATE utf8mb4_unicode_ci NOT NULL,
  `remember_token` varchar(100) COLLATE utf8mb4_unicode_ci DEFAULT NULL,
  `created_at` timestamp NULL DEFAULT NULL,
  `updated_at` timestamp NULL DEFAULT NULL,
  PRIMARY KEY (`id`),
  UNIQUE KEY `users_email_unique` (`email`)
) ENGINE=InnoDB DEFAULT CHARSET=utf8mb4 COLLATE=utf8mb4_unicode_ci AUTO_INCREMENT=1 ;

--
-- Constraints for dumped tables
--

--
-- Constraints for table `reviews`
--
ALTER TABLE `reviews`
  ADD CONSTRAINT `reviews_product_id_foreign` FOREIGN KEY (`product_id`) REFERENCES `products` (`id`) ON DELETE CASCADE;

/*!40101 SET CHARACTER_SET_CLIENT=@OLD_CHARACTER_SET_CLIENT */;
/*!40101 SET CHARACTER_SET_RESULTS=@OLD_CHARACTER_SET_RESULTS */;
/*!40101 SET COLLATION_CONNECTION=@OLD_COLLATION_CONNECTION */;
